,league,season,historical_training_year,features,learning_rate,n_estimators,max_depth,min_child_weight,gamma,subsample,colsample_bytree,objective,scale_pos_weight,reg_alpha,ll,acc,prec_A,prec_D,prec_H,rec_A,rec_D,rec_H,f1_A,f1_D,f1_H,bet_all,bet_lte_19,bet_lte_4,bet_btw_19_4,bet_btw_19_5,bet_btw_15_4,bet_btw_15_5
0,E0,2014,9,all_features,0.01,130,4,8,0.22,0.5,0.7,multi:softprob,1,0.69,1.01352312211,0.5125,0.520833333333,0.0,0.511029411765,0.260416666667,0.0,0.914473684211,0.347222222222,0.0,0.655660377358,-0.0106875,0.0225850340136,-0.000393442622951,-0.0270588235294,-0.0637735849057,-0.0175732217573,-0.0416326530612
1,E0,2015,9,all_features,0.01,130,4,8,0.22,0.5,0.7,multi:softprob,1,0.69,1.05088231698,0.461290322581,0.432098765432,0.333333333333,0.473451327434,0.388888888889,0.0114942528736,0.804511278195,0.409356725146,0.0222222222222,0.596100278552,-0.0603870967742,-0.0287704918033,-0.0702380952381,-0.0996511627907,-0.121767955801,-0.0696341463415,-0.0863921568627
2,E0,2016,9,all_features,0.01,130,4,8,0.22,0.5,0.7,multi:softprob,1,0.69,0.98803368108,0.583072100313,0.547619047619,0.0,0.600858369099,0.528735632184,0.0,0.875,0.538011695906,0.0,0.712468193384,0.0622884012539,0.0392814371257,0.0616666666667,0.0826811594203,0.0843835616438,0.109454545455,0.109605263158
