,league,season,historical_training_year,features,learning_rate,n_estimators,max_depth,min_child_weight,gamma,subsample,colsample_bytree,objective,scale_pos_weight,reg_alpha,ll,acc,prec_A,prec_D,prec_H,rec_A,rec_D,rec_H,f1_A,f1_D,f1_H,bet_all,bet_lte_19,bet_lte_4,bet_btw_19_4,bet_btw_19_5,bet_btw_15_4,bet_btw_15_5
0,E0,2014,9,all_features,0.01,520,3,5,0.61,0.6,0.95,multi:softprob,1,0.81,0.994296278059,0.515625,0.5,0.0,0.518939393939,0.291666666667,0.0,0.901315789474,0.368421052632,0.0,0.658653846154,-0.00859375,0.0352380952381,0.00180327868852,-0.0348366013072,-0.0712578616352,-0.014769874477,-0.0388979591837
1,E0,2015,9,all_features,0.01,520,3,5,0.61,0.6,0.95,multi:softprob,1,0.81,1.04706933542,0.467741935484,0.414893617021,0.5,0.490384615385,0.433333333333,0.0459770114943,0.766917293233,0.423913043478,0.0842105263158,0.598240469208,-0.0367741935484,-0.0366666666667,-0.0413758389262,-0.0446857142857,-0.0589010989011,-0.03524,-0.0455642023346
2,E0,2016,9,all_features,0.01,520,3,5,0.61,0.6,0.95,multi:softprob,1,0.81,0.95051136029,0.567398119122,0.527472527473,0.0,0.601809954751,0.551724137931,0.0,0.83125,0.539325842697,0.0,0.698162729659,0.0225078369906,0.0362048192771,0.0343464052288,0.0258992805755,-0.00554054054054,0.0731221719457,0.0510434782609
