,league,season,historical_training_year,features,hidden_layer_sizes,activation,solver,alpha,max_iter,ll,acc,prec_A,prec_D,prec_H,rec_A,rec_D,rec_H,f1_A,f1_D,f1_H,bet_all,bet_lte_19,bet_lte_4,bet_btw_19_4,bet_btw_19_5,bet_btw_15_4,bet_btw_15_5
0,D1,2014,9,best_features_MLP,"(160,)",logistic,sgd,1.4,260,1.00936118898,0.508928571429,0.444444444444,0.0,0.529411764706,0.387096774194,0.0,0.841121495327,0.413793103448,0.0,0.649819494585,-0.0112946428571,-0.0726373626374,-0.0510550458716,-0.0279365079365,0.016976744186,-0.0509826589595,-0.0176704545455
1,D1,2015,9,best_features_MLP,"(160,)",logistic,sgd,1.4,260,1.01138181438,0.492822966507,0.426470588235,0.0,0.524822695035,0.467741935484,0.0,0.770833333333,0.446153846154,0.0,0.62447257384,-0.0531100478469,-0.0124705882353,-0.0393203883495,-0.0581818181818,-0.0734959349593,-0.0349689440994,-0.0468098159509
2,D1,2016,9,best_features_MLP,"(160,)",logistic,sgd,1.4,260,1.01935639204,0.528888888889,0.490909090909,0.0,0.541176470588,0.435483870968,0.0,0.844036697248,0.461538461538,0.0,0.659498207885,0.0764888888889,-0.0162365591398,0.0695852534562,0.133951612903,0.127674418605,0.10775862069,0.103966480447
