,league,season,historical_training_year,features,hidden_layer_sizes,activation,solver,alpha,max_iter,ll,acc,prec_A,prec_D,prec_H,rec_A,rec_D,rec_H,f1_A,f1_D,f1_H,bet_all,bet_lte_19,bet_lte_4,bet_btw_19_4,bet_btw_19_5,bet_btw_15_4,bet_btw_15_5
0,SC0,2014,7,best_features_MLP,"(20,)",logistic,sgd,0.7,240,0.983779391574,0.569060773481,0.576271186441,0.0,0.565573770492,0.53125,0.0,0.851851851852,0.552845528455,0.0,0.679802955665,0.0885635359116,-0.0153164556962,0.0769832402235,0.134591836735,0.1544,0.102237762238,0.116344827586
1,SC0,2015,7,best_features_MLP,"(20,)",logistic,sgd,0.7,240,1.06207556853,0.431034482759,0.453333333333,0.0,0.414141414141,0.507462686567,0.0,0.611940298507,0.478873239437,0.0,0.493975903614,-0.0913793103448,-0.18775862069,-0.141964285714,-0.119074074074,-0.070625,-0.156715328467,-0.117163120567
2,SC0,2016,7,best_features_MLP,"(20,)",logistic,sgd,0.7,240,0.965672600062,0.548387096774,0.546511627907,0.0,0.55,0.734375,0.0,0.696202531646,0.626666666667,0.0,0.614525139665,0.0102150537634,0.0273913043478,0.00933701657459,-0.00932584269663,-0.051935483871,-0.0161940298507,-0.0447101449275
