,league,season,historical_training_year,features,hidden_layer_sizes,activation,solver,alpha,max_iter,ll,acc,prec_A,prec_D,prec_H,rec_A,rec_D,rec_H,f1_A,f1_D,f1_H,bet_all,bet_lte_19,bet_lte_4,bet_btw_19_4,bet_btw_19_5,bet_btw_15_4,bet_btw_15_5
0,SC0,2014,7,best_features_MLP,"(220,)",logistic,sgd,0.8,270,0.984392005896,0.552486187845,0.551724137931,0.0,0.552845528455,0.5,0.0,0.83950617284,0.524590163934,0.0,0.666666666667,0.0455248618785,-0.00269230769231,0.0392696629213,0.0551020408163,0.0658415841584,0.0551408450704,0.0626206896552
1,SC0,2015,7,best_features_MLP,"(220,)",logistic,sgd,0.8,270,1.06331613121,0.459770114943,0.486486486486,0.0,0.44,0.537313432836,0.0,0.65671641791,0.510638297872,0.0,0.526946107784,-0.0559770114943,-0.183870967742,-0.0686627906977,-0.00287037037037,0.016,-0.0668794326241,-0.0514685314685
2,SC0,2016,7,best_features_MLP,"(220,)",logistic,sgd,0.8,270,0.951268322195,0.548387096774,0.528735632184,0.0,0.565656565657,0.71875,0.0,0.708860759494,0.609271523179,0.0,0.629213483146,0.0122580645161,0.029347826087,0.0114364640884,-0.00707865168539,-0.0394565217391,-0.0133582089552,-0.0349635036496
