,league,season,historical_training_year,features,hidden_layer_sizes,activation,solver,alpha,max_iter,ll,acc,prec_A,prec_D,prec_H,rec_A,rec_D,rec_H,f1_A,f1_D,f1_H,bet_all,bet_lte_19,bet_lte_4,bet_btw_19_4,bet_btw_19_5,bet_btw_15_4,bet_btw_15_5
0,SC0,2014,7,best_features_MLP,"(20,)",logistic,sgd,1.9,260,0.98400306344,0.569060773481,0.576271186441,0.0,0.565573770492,0.53125,0.0,0.851851851852,0.552845528455,0.0,0.679802955665,0.0885635359116,-0.0153164556962,0.0769832402235,0.134591836735,0.1544,0.102237762238,0.116344827586
1,SC0,2015,7,best_features_MLP,"(20,)",logistic,sgd,1.9,260,1.0630364089,0.425287356322,0.447368421053,0.0,0.408163265306,0.507462686567,0.0,0.597014925373,0.475524475524,0.0,0.484848484848,-0.116436781609,-0.201525423729,-0.14325443787,-0.113148148148,-0.0649107142857,-0.158188405797,-0.118873239437
2,SC0,2016,7,best_features_MLP,"(20,)",logistic,sgd,1.9,260,0.965073573513,0.548387096774,0.547619047619,0.0,0.549019607843,0.71875,0.0,0.708860759494,0.621621621622,0.0,0.618784530387,0.00225806451613,0.0356989247312,-0.00434065934066,-0.0461797752809,-0.0772826086957,-0.0344444444444,-0.0554347826087
