,league,season,historical_training_year,features,learning_rate,n_estimators,max_depth,min_child_weight,gamma,subsample,colsample_bytree,objective,scale_pos_weight,reg_alpha,ll,acc,prec_A,prec_D,prec_H,rec_A,rec_D,rec_H,f1_A,f1_D,f1_H,bet_all,bet_lte_19,bet_lte_4,bet_btw_19_4,bet_btw_19_5,bet_btw_15_4,bet_btw_15_5
0,SP1,2014,9,all_features,0.01,160,8,7,0.28,0.8,0.6,multi:softprob,1,0.87,1.00022913804,0.49375,0.609756097561,0.0,0.480144404332,0.252525252525,0.0,0.904761904762,0.357142857143,0.0,0.627358490566,-0.1725,0.0136942675159,-0.128528428094,-0.294184397163,-0.326298701299,-0.211310679612,-0.238812785388
1,SP1,2015,9,all_features,0.01,160,8,7,0.28,0.8,0.6,multi:softprob,1,0.87,0.998541590758,0.55,0.553191489362,0.5,0.549815498155,0.305882352941,0.0131578947368,0.937106918239,0.393939393939,0.025641025641,0.693023255814,0.0579375,0.00798701298701,-0.00856209150327,-0.0314569536424,0.00389937106918,-0.0395535714286,-0.0150431034483
2,SP1,2016,9,all_features,0.01,160,8,7,0.28,0.8,0.6,multi:softprob,1,0.87,0.99039763997,0.548589341693,0.673913043478,0.0,0.533333333333,0.340659340659,0.0,0.929032258065,0.452554744526,0.0,0.677647058824,0.00241379310345,0.0739869281046,0.0270068027211,-0.0239716312057,-0.0110526315789,0.0414354066986,0.0470909090909
