,league,season,historical_training_year,features,learning_rate,n_estimators,max_depth,min_child_weight,gamma,subsample,colsample_bytree,objective,scale_pos_weight,reg_alpha,ll,acc,prec_A,prec_D,prec_H,rec_A,rec_D,rec_H,f1_A,f1_D,f1_H,bet_all,bet_lte_19,bet_lte_4,bet_btw_19_4,bet_btw_19_5,bet_btw_15_4,bet_btw_15_5
0,SP1,2014,9,all_features,0.01,200,4,1,0.41,0.76,0.4,multi:softprob,1,0.46,0.996651583631,0.509375,0.777777777778,0.0,0.484641638225,0.212121212121,0.0,0.965986394558,0.333333333333,0.0,0.645454545455,-0.11325,0.0103205128205,-0.0736824324324,-0.174964028777,-0.222810457516,-0.132610837438,-0.169078341014
1,SP1,2015,9,all_features,0.01,200,4,1,0.41,0.76,0.4,multi:softprob,1,0.46,0.993564611115,0.5375,0.567567567568,0.0,0.533568904594,0.247058823529,0.0,0.949685534591,0.344262295082,0.0,0.683257918552,0.02340625,-0.00424836601307,-0.0415409836066,-0.0855629139073,-0.0414556962025,-0.0830803571429,-0.052987012987
2,SP1,2016,9,all_features,0.01,200,4,1,0.41,0.76,0.4,multi:softprob,1,0.46,0.984187214259,0.539184952978,0.642857142857,0.0,0.523465703971,0.296703296703,0.0,0.935483870968,0.406015037594,0.0,0.671296296296,-0.0297492163009,0.0701290322581,0.00342372881356,-0.0704285714286,-0.0766,0.0082380952381,0.000454545454545
