,league,season,historical_training_year,features,learning_rate,n_estimators,max_depth,min_child_weight,gamma,subsample,colsample_bytree,objective,scale_pos_weight,reg_alpha,ll,acc,prec_A,prec_D,prec_H,rec_A,rec_D,rec_H,f1_A,f1_D,f1_H,bet_all,bet_lte_19,bet_lte_4,bet_btw_19_4,bet_btw_19_5,bet_btw_15_4,bet_btw_15_5
0,SP1,2014,9,all_features,0.01,160,3,5,0.43,0.95,0.9,multi:softprob,1,0.39,1.00296450062,0.509375,0.769230769231,0.0,0.486394557823,0.20202020202,0.0,0.972789115646,0.32,0.0,0.648526077098,-0.09040625,0.0230065359477,-0.0810884353741,-0.201857142857,-0.217727272727,-0.147093596059,-0.161889400922
1,SP1,2015,9,all_features,0.01,160,3,5,0.43,0.95,0.9,multi:softprob,1,0.39,1.00038033146,0.528125,0.533333333333,0.0,0.527586206897,0.188235294118,0.0,0.962264150943,0.278260869565,0.0,0.681514476615,0.0076875,-0.0120666666667,-0.0486754966887,-0.0913245033113,-0.0469620253165,-0.0901793721973,-0.0597391304348
2,SP1,2016,9,all_features,0.01,160,3,5,0.43,0.95,0.9,multi:softprob,1,0.39,0.993528131874,0.545454545455,0.675,0.0,0.52688172043,0.296703296703,0.0,0.948387096774,0.412213740458,0.0,0.677419354839,-0.0126645768025,0.0815483870968,0.012972972973,-0.0624113475177,-0.0898666666667,0.0216113744076,-0.000545454545455
