,league,season,historical_training_year,features,learning_rate,n_estimators,max_depth,min_child_weight,gamma,subsample,colsample_bytree,objective,scale_pos_weight,reg_alpha,ll,acc,prec_A,prec_D,prec_H,rec_A,rec_D,rec_H,f1_A,f1_D,f1_H,bet_all,bet_lte_19,bet_lte_4,bet_btw_19_4,bet_btw_19_5,bet_btw_15_4,bet_btw_15_5
0,SP1,2014,9,all_features,0.01,120,4,7,0.72,0.73,0.49,multi:softprob,1,0.41,1.01206108583,0.50625,0.76,0.0,0.484745762712,0.191919191919,0.0,0.972789115646,0.306451612903,0.0,0.647058823529,-0.1005625,0.0119607843137,-0.0768367346939,-0.180857142857,-0.222810457516,-0.140443349754,-0.172592592593
1,SP1,2015,9,all_features,0.01,120,4,7,0.72,0.73,0.49,multi:softprob,1,0.41,1.00799783822,0.546875,0.636363636364,0.0,0.536585365854,0.247058823529,0.0,0.968553459119,0.35593220339,0.0,0.690582959641,0.04009375,-0.00227272727273,-0.0272222222222,-0.0588079470199,-0.0158860759494,-0.0650446428571,-0.0354978354978
2,SP1,2016,9,all_features,0.01,120,4,7,0.72,0.73,0.49,multi:softprob,1,0.41,1.00314977074,0.539184952978,0.65,0.0,0.523297491039,0.285714285714,0.0,0.941935483871,0.396946564885,0.0,0.672811059908,-0.02934169279,0.0709677419355,0.00386440677966,-0.0704285714286,-0.0827152317881,0.00885714285714,-0.00348416289593
