,league,season,historical_training_year,features,learning_rate,n_estimators,max_depth,min_child_weight,gamma,subsample,colsample_bytree,objective,scale_pos_weight,reg_alpha,ll,acc,prec_A,prec_D,prec_H,rec_A,rec_D,rec_H,f1_A,f1_D,f1_H,bet_all,bet_lte_19,bet_lte_4,bet_btw_19_4,bet_btw_19_5,bet_btw_15_4,bet_btw_15_5
0,SP1,2014,9,all_features,0.01,190,3,5,0.67,0.8,0.95,multi:softprob,1,0.39,0.999442896713,0.509375,0.75,0.0,0.486301369863,0.212121212121,0.0,0.965986394558,0.330708661417,0.0,0.646924829157,-0.108375,0.0168387096774,-0.0836148648649,-0.201857142857,-0.217727272727,-0.147093596059,-0.161889400922
1,SP1,2015,9,all_features,0.01,190,3,5,0.67,0.8,0.95,multi:softprob,1,0.39,0.99410791304,0.534375,0.558823529412,0.0,0.531468531469,0.223529411765,0.0,0.955974842767,0.319327731092,0.0,0.683146067416,0.01540625,-0.00169934640523,-0.0499344262295,-0.105099337748,-0.0601265822785,-0.0932444444444,-0.062974137931
2,SP1,2016,9,all_features,0.01,190,3,5,0.67,0.8,0.95,multi:softprob,1,0.39,0.988179623987,0.539184952978,0.642857142857,0.0,0.523465703971,0.296703296703,0.0,0.935483870968,0.406015037594,0.0,0.671296296296,-0.035987460815,0.0701290322581,0.00699324324324,-0.0624113475177,-0.0898666666667,0.0132227488152,-0.00859090909091
