,league,season,historical_training_year,features,learning_rate,n_estimators,max_depth,min_child_weight,gamma,subsample,colsample_bytree,objective,scale_pos_weight,reg_alpha,ll,acc,prec_A,prec_D,prec_H,rec_A,rec_D,rec_H,f1_A,f1_D,f1_H,bet_all,bet_lte_19,bet_lte_4,bet_btw_19_4,bet_btw_19_5,bet_btw_15_4,bet_btw_15_5
0,SP1,2014,9,all_features,0.01,280,4,3,0.37,0.6,0.65,multi:softprob,1,0.24,0.99121396821,0.509375,0.733333333333,0.0,0.486206896552,0.222222222222,0.0,0.959183673469,0.341085271318,0.0,0.645308924485,-0.10625,0.0168387096774,-0.089222972973,-0.213714285714,-0.252875816993,-0.159411764706,-0.190276497696
1,SP1,2015,9,all_features,0.01,280,4,3,0.37,0.6,0.65,multi:softprob,1,0.24,0.985384624731,0.534375,0.536585365854,0.0,0.534050179211,0.258823529412,0.0,0.937106918239,0.349206349206,0.0,0.680365296804,0.013125,-0.00870967741935,-0.0585016286645,-0.115960264901,-0.0705063291139,-0.107555555556,-0.0768534482759
2,SP1,2016,9,all_features,0.01,280,4,3,0.37,0.6,0.65,multi:softprob,1,0.24,0.972443465435,0.539184952978,0.627906976744,0.0,0.525362318841,0.296703296703,0.0,0.935483870968,0.402985074627,0.0,0.672853828306,-0.0284012539185,0.0595483870968,0.0048813559322,-0.0556428571429,-0.0690066225166,0.0102857142857,-0.00212669683258
