,league,season,historical_training_year,features,learning_rate,n_estimators,max_depth,min_child_weight,gamma,subsample,colsample_bytree,objective,scale_pos_weight,reg_alpha,ll,acc,prec_A,prec_D,prec_H,rec_A,rec_D,rec_H,f1_A,f1_D,f1_H,bet_all,bet_lte_19,bet_lte_4,bet_btw_19_4,bet_btw_19_5,bet_btw_15_4,bet_btw_15_5
0,SC0,2014,9,all_features,0.01,340,5,7,0.34,0.9,0.8,multi:softprob,1,0.96,0.988699049334,0.546961325967,0.576923076923,0.181818181818,0.567796610169,0.46875,0.0555555555556,0.827160493827,0.51724137931,0.0851063829787,0.673366834171,0.0561878453039,-0.0262820512821,0.0620555555556,0.12198019802,0.110980392157,0.0834027777778,0.0759310344828
1,SC0,2015,9,all_features,0.01,340,5,7,0.34,0.9,0.8,multi:softprob,1,0.96,1.06113079242,0.431034482759,0.509433962264,0.25,0.407079646018,0.402985074627,0.05,0.686567164179,0.45,0.0833333333333,0.511111111111,-0.0879310344828,-0.149655172414,-0.108630952381,-0.0876851851852,-0.0403571428571,-0.119352517986,-0.0813986013986
2,SC0,2016,9,all_features,0.01,340,5,7,0.34,0.9,0.8,multi:softprob,1,0.96,0.969586169928,0.532258064516,0.512820512821,0.0,0.551401869159,0.625,0.0,0.746835443038,0.56338028169,0.0,0.634408602151,-0.0283333333333,0.0391208791209,-0.0268888888889,-0.0943820224719,-0.133333333333,-0.0654135338346,-0.092700729927
