,league,season,historical_training_year,features,learning_rate,n_estimators,max_depth,min_child_weight,gamma,subsample,colsample_bytree,objective,scale_pos_weight,reg_alpha,ll,acc,prec_A,prec_D,prec_H,rec_A,rec_D,rec_H,f1_A,f1_D,f1_H,bet_all,bet_lte_19,bet_lte_4,bet_btw_19_4,bet_btw_19_5,bet_btw_15_4,bet_btw_15_5
0,SC0,2014,9,all_features,0.01,120,4,7,0.72,0.73,0.49,multi:softprob,1,0.41,1.01420319673,0.519337016575,0.533333333333,0.0,0.518518518519,0.375,0.0,0.864197530864,0.440366972477,0.0,0.648148148148,-0.0132596685083,-0.0442105263158,0.0147727272727,0.0424489795918,0.00156862745098,0.0245714285714,-0.00388888888889
1,SC0,2015,9,all_features,0.01,120,4,7,0.72,0.73,0.49,multi:softprob,1,0.41,1.05785089971,0.419540229885,0.490196078431,0.0,0.390243902439,0.373134328358,0.0,0.716417910448,0.423728813559,0.0,0.505263157895,-0.131494252874,-0.149655172414,-0.15375,-0.15787037037,-0.108035714286,-0.173884892086,-0.134405594406
2,SC0,2016,9,all_features,0.01,120,4,7,0.72,0.73,0.49,multi:softprob,1,0.41,0.996178641435,0.532258064516,0.538461538462,0.0,0.528925619835,0.546875,0.0,0.810126582278,0.542635658915,0.0,0.64,-0.0371505376344,0.032,-0.0306145251397,-0.0939325842697,-0.142127659574,-0.0707575757576,-0.104671532847
