,league,season,historical_training_year,features,learning_rate,n_estimators,max_depth,min_child_weight,gamma,subsample,colsample_bytree,objective,scale_pos_weight,reg_alpha,ll,acc,prec_A,prec_D,prec_H,rec_A,rec_D,rec_H,f1_A,f1_D,f1_H,bet_all,bet_lte_19,bet_lte_4,bet_btw_19_4,bet_btw_19_5,bet_btw_15_4,bet_btw_15_5
0,SC0,2014,9,all_features,0.01,100,4,5,0.31,0.5,0.95,multi:softprob,1,0.84,1.02045770212,0.541436464088,0.549019607843,0.5,0.5390625,0.4375,0.0277777777778,0.851851851852,0.486956521739,0.0526315789474,0.66028708134,0.0319889502762,-0.0234615384615,0.0493820224719,0.09,0.0682,0.0678169014085,0.0529861111111
1,SC0,2015,9,all_features,0.01,100,4,5,0.31,0.5,0.95,multi:softprob,1,0.84,1.06207706086,0.431034482759,0.5,0.0,0.4,0.402985074627,0.0,0.716417910448,0.446280991736,0.0,0.513368983957,-0.101034482759,-0.149655172414,-0.122202380952,-0.108796296296,-0.0607142857143,-0.135755395683,-0.0973426573427
2,SC0,2016,9,all_features,0.01,100,4,5,0.31,0.5,0.95,multi:softprob,1,0.84,1.00428390407,0.52688172043,0.530303030303,0.0,0.525,0.546875,0.0,0.79746835443,0.538461538462,0.0,0.633165829146,-0.0666666666667,0.0175268817204,-0.0461538461538,-0.112696629213,-0.141630434783,-0.0908148148148,-0.110579710145
