,league,season,historical_training_year,features,learning_rate,n_estimators,max_depth,min_child_weight,gamma,subsample,colsample_bytree,objective,scale_pos_weight,reg_alpha,ll,acc,prec_A,prec_D,prec_H,rec_A,rec_D,rec_H,f1_A,f1_D,f1_H,bet_all,bet_lte_19,bet_lte_4,bet_btw_19_4,bet_btw_19_5,bet_btw_15_4,bet_btw_15_5
0,SC0,2014,9,all_features,0.01,160,8,7,0.28,0.8,0.6,multi:softprob,1,0.87,0.996678442586,0.552486187845,0.574074074074,0.285714285714,0.558333333333,0.484375,0.0555555555556,0.827160493827,0.525423728814,0.093023255814,0.666666666667,0.0597790055249,-0.0136363636364,0.0716201117318,0.1207,0.0987254901961,0.0955244755245,0.0804137931034
1,SC0,2015,9,all_features,0.01,160,8,7,0.28,0.8,0.6,multi:softprob,1,0.87,1.05448798493,0.454022988506,0.517857142857,0.428571428571,0.423423423423,0.432835820896,0.075,0.701492537313,0.471544715447,0.127659574468,0.52808988764,-0.0248850574713,-0.16406779661,-0.0545882352941,0.0045871559633,0.0575892857143,-0.0472857142857,-0.00468531468531
2,SC0,2016,9,all_features,0.01,160,8,7,0.28,0.8,0.6,multi:softprob,1,0.87,0.984749473071,0.52688172043,0.513513513514,0.0,0.535714285714,0.59375,0.0,0.759493670886,0.550724637681,0.0,0.628272251309,-0.0380107526882,0.027816091954,-0.0129545454545,-0.052808988764,-0.121875,-0.0475968992248,-0.0966176470588
