,league,season,historical_training_year,features,learning_rate,n_estimators,max_depth,min_child_weight,gamma,subsample,colsample_bytree,objective,scale_pos_weight,reg_alpha,ll,acc,prec_A,prec_D,prec_H,rec_A,rec_D,rec_H,f1_A,f1_D,f1_H,bet_all,bet_lte_19,bet_lte_4,bet_btw_19_4,bet_btw_19_5,bet_btw_15_4,bet_btw_15_5
0,SC0,2014,9,all_features,0.01,100,3,3,0.67,0.55,0.65,multi:softprob,1,0.75,1.02322861108,0.519337016575,0.533333333333,0.0,0.518518518519,0.375,0.0,0.864197530864,0.440366972477,0.0,0.648148148148,-0.0223756906077,-0.0210526315789,-0.01875,-0.0357142857143,-0.031862745098,-0.0175714285714,-0.0153472222222
1,SC0,2015,9,all_features,0.01,100,3,3,0.67,0.55,0.65,multi:softprob,1,0.75,1.06045720221,0.413793103448,0.5,0.0,0.3828125,0.34328358209,0.0,0.731343283582,0.407079646018,0.0,0.502564102564,-0.151091954023,-0.16406779661,-0.178934911243,-0.189444444444,-0.138482142857,-0.198417266187,-0.158251748252
2,SC0,2016,9,all_features,0.01,100,3,3,0.67,0.55,0.65,multi:softprob,1,0.75,1.00530953145,0.543010752688,0.553846153846,0.0,0.537190082645,0.5625,0.0,0.822784810127,0.558139534884,0.0,0.65,-0.0232795698925,0.0423404255319,-0.0377049180328,-0.122247191011,-0.141538461538,-0.0791176470588,-0.0924637681159
