,league,season,historical_training_year,features,learning_rate,n_estimators,max_depth,min_child_weight,gamma,subsample,colsample_bytree,objective,scale_pos_weight,reg_alpha,ll,acc,prec_A,prec_D,prec_H,rec_A,rec_D,rec_H,f1_A,f1_D,f1_H,bet_all,bet_lte_19,bet_lte_4,bet_btw_19_4,bet_btw_19_5,bet_btw_15_4,bet_btw_15_5
0,SC0,2014,9,all_features,0.01,200,4,1,0.41,0.76,0.4,multi:softprob,1,0.46,0.997040660671,0.53591160221,0.551020408163,1.0,0.526717557252,0.421875,0.0277777777778,0.851851851852,0.477876106195,0.0540540540541,0.650943396226,0.0135359116022,-0.0337662337662,0.0364406779661,0.0739795918367,0.0420792079208,0.0517021276596,0.0297916666667
1,SC0,2015,9,all_features,0.01,200,4,1,0.41,0.76,0.4,multi:softprob,1,0.46,1.05774771311,0.413793103448,0.510204081633,0.0,0.379032258065,0.373134328358,0.0,0.701492537313,0.431034482759,0.0,0.492146596859,-0.143275862069,-0.16406779661,-0.170887573964,-0.176851851852,-0.126339285714,-0.188633093525,-0.148741258741
2,SC0,2016,9,all_features,0.01,200,4,1,0.41,0.76,0.4,multi:softprob,1,0.46,0.980000531321,0.537634408602,0.527027027027,0.0,0.544642857143,0.609375,0.0,0.772151898734,0.565217391304,0.0,0.638743455497,-0.0249462365591,0.0473913043478,-0.0267955801105,-0.103483146067,-0.132717391304,-0.065,-0.0854744525547
