,league,season,historical_training_year,features,learning_rate,n_estimators,max_depth,min_child_weight,gamma,subsample,colsample_bytree,objective,scale_pos_weight,reg_alpha,ll,acc,prec_A,prec_D,prec_H,rec_A,rec_D,rec_H,f1_A,f1_D,f1_H,bet_all,bet_lte_19,bet_lte_4,bet_btw_19_4,bet_btw_19_5,bet_btw_15_4,bet_btw_15_5
0,I1,2014,9,all_features,0.01,160,6,5,0.6,0.59,0.82,multi:softprob,1,0.33,1.0473179157,0.454545454545,0.44,0.5,0.458498023715,0.366666666667,0.00952380952381,0.859259259259,0.4,0.018691588785,0.59793814433,-0.10603030303,-0.111818181818,-0.119630769231,-0.120939226519,-0.0967741935484,-0.0931060606061,-0.0769144981413
1,I1,2015,9,all_features,0.01,160,6,5,0.6,0.59,0.82,multi:softprob,1,0.33,1.0101801415,0.546875,0.567567567568,0.333333333333,0.554112554113,0.451612903226,0.0602409638554,0.888888888889,0.502994011976,0.102040816327,0.682666666667,0.0980625,0.0234042553191,0.0817647058824,0.126951219512,0.171294117647,0.100612244898,0.131274900398
2,I1,2016,9,all_features,0.01,160,6,5,0.6,0.59,0.82,multi:softprob,1,0.33,1.00263612163,0.535825545171,0.539473684211,0.272727272727,0.547008547009,0.405940594059,0.0441176470588,0.842105263158,0.463276836158,0.0759493670886,0.663212435233,-0.048785046729,0.0398857142857,-0.0461488673139,-0.158507462687,-0.166170212766,-0.0915837104072,-0.0983771929825
