,league,season,historical_training_year,features,learning_rate,n_estimators,max_depth,min_child_weight,gamma,subsample,colsample_bytree,objective,scale_pos_weight,reg_alpha,ll,acc,prec_A,prec_D,prec_H,rec_A,rec_D,rec_H,f1_A,f1_D,f1_H,bet_all,bet_lte_19,bet_lte_4,bet_btw_19_4,bet_btw_19_5,bet_btw_15_4,bet_btw_15_5
0,I1,2014,9,all_features,0.01,120,4,7,0.72,0.73,0.49,multi:softprob,1,0.41,1.05192980586,0.448484848485,0.436363636364,1.0,0.448905109489,0.266666666667,0.00952380952381,0.911111111111,0.331034482759,0.0188679245283,0.601466992665,-0.0849393939394,-0.127226277372,-0.12015625,-0.11,-0.102617801047,-0.100191570881,-0.0952962962963
1,I1,2015,9,all_features,0.01,120,4,7,0.72,0.73,0.49,multi:softprob,1,0.41,1.0288086215,0.528125,0.561403508772,0.333333333333,0.525291828794,0.344086021505,0.0240963855422,0.9375,0.426666666667,0.0449438202247,0.673316708229,0.05125,0.00724637681159,0.0464900662252,0.0744785276074,0.114352941176,0.0625726141079,0.0902419354839
2,I1,2016,9,all_features,0.01,120,4,7,0.72,0.73,0.49,multi:softprob,1,0.41,1.01523709149,0.526479750779,0.564516129032,0.0,0.525490196078,0.346534653465,0.0,0.881578947368,0.429447852761,0.0,0.658476658477,-0.0609034267913,0.0319186046512,-0.0554125412541,-0.163692307692,-0.161914893617,-0.103842592593,-0.10563876652
