,league,season,historical_training_year,features,learning_rate,n_estimators,max_depth,min_child_weight,gamma,subsample,colsample_bytree,objective,scale_pos_weight,reg_alpha,ll,acc,prec_A,prec_D,prec_H,rec_A,rec_D,rec_H,f1_A,f1_D,f1_H,bet_all,bet_lte_19,bet_lte_4,bet_btw_19_4,bet_btw_19_5,bet_btw_15_4,bet_btw_15_5
0,I1,2014,9,all_features,0.01,235,6,5,0.5,0.4,0.66,multi:softprob,1,0.28,1.04970871797,0.454545454545,0.425,0.5,0.463709677419,0.377777777778,0.00952380952381,0.851851851852,0.4,0.018691588785,0.600522193211,-0.0996666666667,-0.124893617021,-0.107678018576,-0.0893370165746,-0.0710160427807,-0.0781679389313,-0.0656343283582
1,I1,2015,9,all_features,0.01,235,6,5,0.5,0.4,0.66,multi:softprob,1,0.28,1.00913197407,0.509375,0.536231884058,0.238095238095,0.526086956522,0.397849462366,0.0602409638554,0.840277777778,0.456790123457,0.0961538461538,0.647058823529,0.00096875,-0.00434782608696,-0.00349673202614,-0.00820359281437,0.0171511627907,-0.00587755102041,0.01152
2,I1,2016,9,all_features,0.01,235,6,5,0.5,0.4,0.66,multi:softprob,1,0.28,0.988426229664,0.545171339564,0.567567567568,0.363636363636,0.546610169492,0.415841584158,0.0588235294118,0.848684210526,0.48,0.101265822785,0.664948453608,-0.00389408099688,0.0543859649123,-0.0148196721311,-0.0963909774436,-0.0653146853147,-0.0483870967742,-0.0309251101322
