,league,season,historical_training_year,features,learning_rate,n_estimators,max_depth,min_child_weight,gamma,subsample,colsample_bytree,objective,scale_pos_weight,reg_alpha,ll,acc,prec_A,prec_D,prec_H,rec_A,rec_D,rec_H,f1_A,f1_D,f1_H,bet_all,bet_lte_19,bet_lte_4,bet_btw_19_4,bet_btw_19_5,bet_btw_15_4,bet_btw_15_5
0,I1,2014,9,all_features,0.01,190,7,6,0.61,0.55,0.75,multi:softprob,1,0.39,1.0490353298,0.466666666667,0.459459459459,0.857142857143,0.457831325301,0.377777777778,0.0571428571429,0.844444444444,0.414634146341,0.107142857143,0.59375,-0.0532424242424,-0.105214285714,-0.0728260869565,-0.0426519337017,-0.00446808510638,-0.0387404580153,-0.012156133829
1,I1,2015,9,all_features,0.01,190,7,6,0.61,0.55,0.75,multi:softprob,1,0.39,1.00761581967,0.54375,0.554054054054,0.45,0.548672566372,0.440860215054,0.10843373494,0.861111111111,0.491017964072,0.174757281553,0.67027027027,0.1031875,0.0181428571429,0.0730065359477,0.114545454545,0.18432748538,0.0896734693878,0.13780876494
2,I1,2016,9,all_features,0.01,190,7,6,0.61,0.55,0.75,multi:softprob,1,0.39,0.997141765378,0.545171339564,0.552631578947,0.363636363636,0.551282051282,0.415841584158,0.0588235294118,0.848684210526,0.474576271186,0.101265822785,0.668393782383,-0.0127414330218,0.0525433526012,-0.0121568627451,-0.0963157894737,-0.091338028169,-0.044495412844,-0.043436123348
