,league,season,historical_training_year,features,learning_rate,n_estimators,max_depth,min_child_weight,gamma,subsample,colsample_bytree,objective,scale_pos_weight,reg_alpha,ll,acc,prec_A,prec_D,prec_H,rec_A,rec_D,rec_H,f1_A,f1_D,f1_H,bet_all,bet_lte_19,bet_lte_4,bet_btw_19_4,bet_btw_19_5,bet_btw_15_4,bet_btw_15_5
0,I1,2014,9,all_features,0.01,200,4,1,0.41,0.76,0.4,multi:softprob,1,0.46,1.04828764318,0.451515151515,0.444444444444,0.0,0.453183520599,0.311111111111,0.0,0.896296296296,0.366013071895,0.0,0.601990049751,-0.112878787879,-0.132428571429,-0.107368421053,-0.0831868131868,-0.0937037037037,-0.077786259542,-0.0853159851301
1,I1,2015,9,all_features,0.01,200,4,1,0.41,0.76,0.4,multi:softprob,1,0.46,1.01355921524,0.534375,0.573770491803,0.333333333333,0.532,0.376344086022,0.0361445783133,0.923611111111,0.454545454545,0.0652173913043,0.675126903553,0.06425,0.00836879432624,0.0498360655738,0.080490797546,0.120117647059,0.0651440329218,0.09252
2,I1,2016,9,all_features,0.01,200,4,1,0.41,0.76,0.4,multi:softprob,1,0.46,0.99756786023,0.532710280374,0.565217391304,0.25,0.532786885246,0.386138613861,0.0294117647059,0.855263157895,0.458823529412,0.0526315789474,0.656565656566,-0.0463551401869,0.0367052023121,-0.0462950819672,-0.148625954198,-0.135857142857,-0.0906422018349,-0.0850660792952
