,league,season,historical_training_year,features,learning_rate,n_estimators,max_depth,min_child_weight,gamma,subsample,colsample_bytree,objective,scale_pos_weight,reg_alpha,ll,acc,prec_A,prec_D,prec_H,rec_A,rec_D,rec_H,f1_A,f1_D,f1_H,bet_all,bet_lte_19,bet_lte_4,bet_btw_19_4,bet_btw_19_5,bet_btw_15_4,bet_btw_15_5
0,I1,2014,9,all_features,0.01,175,6,5,0.63,0.47,0.83,multi:softprob,1,0.31,1.047506653,0.445454545455,0.423076923077,0.0,0.454183266932,0.366666666667,0.0,0.844444444444,0.392857142857,0.0,0.59067357513,-0.132606060606,-0.105214285714,-0.143981481481,-0.168961748634,-0.143776595745,-0.123003802281,-0.106194029851
1,I1,2015,9,all_features,0.01,175,6,5,0.63,0.47,0.83,multi:softprob,1,0.31,1.01343944771,0.534375,0.55223880597,0.333333333333,0.544680851064,0.397849462366,0.0722891566265,0.888888888889,0.4625,0.118811881188,0.675461741425,0.0608125,0.0206382978723,0.0394136807818,0.0502424242424,0.0970175438596,0.0476829268293,0.0794841269841
2,I1,2016,9,all_features,0.01,175,6,5,0.63,0.47,0.83,multi:softprob,1,0.31,1.000150074,0.542056074766,0.549295774648,0.454545454545,0.543933054393,0.386138613861,0.0735294117647,0.855263157895,0.453488372093,0.126582278481,0.664961636829,-0.0222118380062,0.0508720930233,-0.0240849673203,-0.113684210526,-0.0969503546099,-0.0594063926941,-0.0509251101322
