,league,season,historical_training_year,features,learning_rate,n_estimators,max_depth,min_child_weight,gamma,subsample,colsample_bytree,objective,scale_pos_weight,reg_alpha,ll,acc,prec_A,prec_D,prec_H,rec_A,rec_D,rec_H,f1_A,f1_D,f1_H,bet_all,bet_lte_19,bet_lte_4,bet_btw_19_4,bet_btw_19_5,bet_btw_15_4,bet_btw_15_5
0,I1,2014,9,all_features,0.01,100,8,8,0.01,0.55,0.6,multi:softprob,1,0.84,1.05475359451,0.457575757576,0.43661971831,0.666666666667,0.4609375,0.344444444444,0.0190476190476,0.874074074074,0.385093167702,0.037037037037,0.60358056266,-0.0837575757576,-0.112302158273,-0.104099378882,-0.0929120879121,-0.0530687830688,-0.0771755725191,-0.0495910780669
1,I1,2015,9,all_features,0.01,100,8,8,0.01,0.55,0.6,multi:softprob,1,0.84,1.03232458998,0.528125,0.553846153846,0.3,0.540425531915,0.387096774194,0.0722891566265,0.881944444444,0.455696202532,0.116504854369,0.67018469657,0.05740625,0.0140875912409,0.0392483660131,0.0546428571429,0.100459770115,0.0475102040816,0.0794422310757
2,I1,2016,9,all_features,0.01,100,8,8,0.01,0.55,0.6,multi:softprob,1,0.84,1.01968130571,0.542056074766,0.579710144928,0.333333333333,0.541666666667,0.39603960396,0.0588235294118,0.855263157895,0.470588235294,0.1,0.663265306122,-0.00760124610592,0.0439411764706,-0.00350819672131,-0.0632592592593,-0.0668965517241,-0.0307798165138,-0.0345175438596
