,league,season,historical_training_year,features,learning_rate,n_estimators,max_depth,min_child_weight,gamma,subsample,colsample_bytree,objective,scale_pos_weight,reg_alpha,ll,acc,prec_A,prec_D,prec_H,rec_A,rec_D,rec_H,f1_A,f1_D,f1_H,bet_all,bet_lte_19,bet_lte_4,bet_btw_19_4,bet_btw_19_5,bet_btw_15_4,bet_btw_15_5
0,I1,2014,9,all_features,0.01,340,3,11,0.97,0.5,0.7,multi:softprob,1,0.27,1.04543674958,0.457575757576,0.450704225352,0.0,0.459459459459,0.355555555556,0.0,0.881481481481,0.39751552795,0.0,0.604060913706,-0.0879090909091,-0.130214285714,-0.0956656346749,-0.0641208791209,-0.0416042780749,-0.063358778626,-0.0476029962547
1,I1,2015,9,all_features,0.01,340,3,11,0.97,0.5,0.7,multi:softprob,1,0.27,1.00368067985,0.534375,0.553846153846,0.4,0.534693877551,0.387096774194,0.0481927710843,0.909722222222,0.455696202532,0.0860215053763,0.6735218509,0.064375,0.0164285714286,0.0534210526316,0.08,0.119647058824,0.0697107438017,0.0970682730924
2,I1,2016,9,all_features,0.01,340,3,11,0.97,0.5,0.7,multi:softprob,1,0.27,0.985932967837,0.535825545171,0.541666666667,0.333333333333,0.539094650206,0.386138613861,0.0294117647059,0.861842105263,0.450867052023,0.0540540540541,0.663291139241,-0.0315887850467,0.0406976744186,-0.0307540983607,-0.116515151515,-0.112183098592,-0.0688990825688,-0.0682894736842
