,league,season,historical_training_year,features,hidden_layer_sizes,activation,solver,alpha,max_iter,ll,acc,prec_A,prec_D,prec_H,rec_A,rec_D,rec_H,f1_A,f1_D,f1_H,bet_all,bet_lte_19,bet_lte_4,bet_btw_19_4,bet_btw_19_5,bet_btw_15_4,bet_btw_15_5
0,E2,2014,7,best_features_MLP,"(90,)",logistic,sgd,1.1,160,1.06814048022,0.428899082569,0.381818181818,0.0,0.444785276074,0.287671232877,0.0,0.814606741573,0.328125,0.0,0.575396825397,-0.101743119266,-0.0427272727273,-0.105671296296,-0.133819444444,-0.139793103448,-0.108043478261,-0.112331730769
1,E2,2015,7,best_features_MLP,"(90,)",logistic,sgd,1.1,160,1.04902877297,0.464203233256,0.406896551724,0.0,0.493055555556,0.427536231884,0.0,0.743455497382,0.416961130742,0.0,0.592901878914,0.000877598152425,-0.0336134453782,-0.00179069767442,0.0206862745098,0.0275324675325,0.00391408114558,0.00900237529691
2,E2,2016,7,best_features_MLP,"(90,)",logistic,sgd,1.1,160,1.04428309211,0.469907407407,0.392857142857,1.0,0.495297805643,0.363636363636,0.00900900900901,0.79,0.377682403433,0.0178571428571,0.608863198459,-0.0190046296296,0.0765891472868,-0.00751756440281,-0.0339862542955,-0.043843537415,-0.00683291770574,-0.0142079207921
