,league,season,historical_training_year,features,hidden_layer_sizes,activation,solver,alpha,max_iter,ll,acc,prec_A,prec_D,prec_H,rec_A,rec_D,rec_H,f1_A,f1_D,f1_H,bet_all,bet_lte_19,bet_lte_4,bet_btw_19_4,bet_btw_19_5,bet_btw_15_4,bet_btw_15_5
0,E2,2014,7,best_features_MLP,"(40,)",logistic,sgd,2.2,250,1.06637961876,0.435779816514,0.393162393162,0.0,0.451410658307,0.315068493151,0.0,0.808988764045,0.349809885932,0.0,0.579476861167,-0.0903899082569,-0.0559310344828,-0.086198156682,-0.0982638888889,-0.104482758621,-0.0877163461538,-0.0920813397129
1,E2,2015,7,best_features_MLP,"(40,)",logistic,sgd,2.2,250,1.05151496241,0.454965357968,0.368421052632,0.0,0.493333333333,0.355072463768,0.0,0.774869109948,0.361623616236,0.0,0.602851323829,-0.0327713625866,-0.0254237288136,-0.026023255814,-0.0165798045603,-0.0229449838188,-0.0209546539379,-0.0256057007126
2,E2,2016,7,best_features_MLP,"(40,)",logistic,sgd,2.2,250,1.04370769708,0.467592592593,0.375,0.0,0.503205128205,0.371900826446,0.0,0.785,0.373443983402,0.0,0.61328125,-0.0249768518519,0.0765891472868,-0.0135597189696,-0.0396232876712,-0.0493898305085,-0.0132668329177,-0.0205940594059
