,league,season,historical_training_year,features,hidden_layer_sizes,activation,solver,alpha,max_iter,ll,acc,prec_A,prec_D,prec_H,rec_A,rec_D,rec_H,f1_A,f1_D,f1_H,bet_all,bet_lte_19,bet_lte_4,bet_btw_19_4,bet_btw_19_5,bet_btw_15_4,bet_btw_15_5
0,E2,2014,7,best_features_MLP,"(100,)",logistic,sgd,0,290,1.06722125891,0.440366972477,0.387931034483,0.0,0.459375,0.308219178082,0.0,0.825842696629,0.343511450382,0.0,0.590361445783,-0.0770183486239,-0.0559310344828,-0.0727649769585,-0.0780208333333,-0.0843793103448,-0.0737019230769,-0.0781339712919
1,E2,2015,7,best_features_MLP,"(100,)",logistic,sgd,0,290,1.05099922251,0.452655889145,0.37984496124,0.0,0.483552631579,0.355072463768,0.0,0.769633507853,0.367041198502,0.0,0.593939393939,-0.0369976905312,-0.0315384615385,-0.0280186480186,-0.0170358306189,-0.0265483870968,-0.022990430622,-0.0299524940618
2,E2,2016,7,best_features_MLP,"(100,)",logistic,sgd,0,290,1.04507592415,0.465277777778,0.379310344828,0.0,0.496835443038,0.363636363636,0.0,0.785,0.371308016878,0.0,0.608527131783,-0.0263194444444,0.085,-0.0234037558685,-0.0573630136986,-0.0545608108108,-0.02375,-0.0220297029703
