,league,season,historical_training_year,features,hidden_layer_sizes,activation,solver,alpha,max_iter,ll,acc,prec_A,prec_D,prec_H,rec_A,rec_D,rec_H,f1_A,f1_D,f1_H,bet_all,bet_lte_19,bet_lte_4,bet_btw_19_4,bet_btw_19_5,bet_btw_15_4,bet_btw_15_5
0,I1,2014,7,best_features_MLP,"(90,)",logistic,sgd,0,170,1.04844624283,0.448484848485,0.415584415584,0.0,0.458498023715,0.355555555556,0.0,0.859259259259,0.383233532934,0.0,0.59793814433,-0.119212121212,-0.13,-0.116574074074,-0.101475409836,-0.0921505376344,-0.0926893939394,-0.0862921348315
1,I1,2015,7,best_features_MLP,"(90,)",logistic,sgd,0,170,0.998827281446,0.509375,0.441558441558,0.0,0.530864197531,0.365591397849,0.0,0.895833333333,0.4,0.0,0.666666666667,-0.02025,0.0200709219858,-0.0212828947368,-0.0571428571429,-0.0430177514793,-0.024132231405,-0.01564
2,I1,2016,7,best_features_MLP,"(90,)",logistic,sgd,0,170,0.968013110134,0.560747663551,0.546391752577,0.0,0.566964285714,0.524752475248,0.0,0.835526315789,0.535353535354,0.0,0.675531914894,0.00856697819315,0.0615555555556,-0.0183870967742,-0.122325581395,-0.0601481481481,-0.0526126126126,-0.0176315789474
