,league,season,historical_training_year,features,hidden_layer_sizes,activation,solver,alpha,max_iter,ll,acc,prec_A,prec_D,prec_H,rec_A,rec_D,rec_H,f1_A,f1_D,f1_H,bet_all,bet_lte_19,bet_lte_4,bet_btw_19_4,bet_btw_19_5,bet_btw_15_4,bet_btw_15_5
0,I1,2014,7,best_features_MLP,"(10,)",logistic,sgd,0.2,290,1.05246562835,0.448484848485,0.407407407407,0.0,0.461847389558,0.366666666667,0.0,0.851851851852,0.385964912281,0.0,0.598958333333,-0.117060606061,-0.123829787234,-0.117107692308,-0.107103825137,-0.097688172043,-0.0934339622642,-0.087052238806
1,I1,2015,7,best_features_MLP,"(10,)",logistic,sgd,0.2,290,1.01087971595,0.51875,0.485294117647,0.0,0.527777777778,0.354838709677,0.0,0.923611111111,0.409937888199,0.0,0.671717171717,0.0095625,0.0143571428571,0.0134323432343,0.0134161490683,0.0181764705882,0.0195020746888,0.02252
2,I1,2016,7,best_features_MLP,"(10,)",logistic,sgd,0.2,290,0.968442584648,0.573208722741,0.551401869159,0.0,0.584112149533,0.584158415842,0.0,0.822368421053,0.567307692308,0.0,0.68306010929,0.0278816199377,0.0646408839779,-0.00798722044728,-0.108461538462,-0.0331343283582,-0.0376888888889,0.00515283842795
