,league,season,historical_training_year,features,hidden_layer_sizes,activation,solver,alpha,max_iter,ll,acc,prec_A,prec_D,prec_H,rec_A,rec_D,rec_H,f1_A,f1_D,f1_H,bet_all,bet_lte_19,bet_lte_4,bet_btw_19_4,bet_btw_19_5,bet_btw_15_4,bet_btw_15_5
0,I1,2014,7,best_features_MLP,"(120,)",logistic,sgd,2.2,200,1.04387291922,0.451515151515,0.425287356322,0.0,0.460905349794,0.411111111111,0.0,0.82962962963,0.418079096045,0.0,0.592592592593,-0.107424242424,-0.12304964539,-0.126,-0.12349726776,-0.109027027027,-0.100946969697,-0.0910526315789
1,I1,2015,7,best_features_MLP,"(120,)",logistic,sgd,2.2,200,0.994210928973,0.528125,0.493506493506,0.0,0.539094650206,0.408602150538,0.0,0.909722222222,0.447058823529,0.0,0.677002583979,0.02821875,0.0179310344828,0.019674267101,0.022125,0.045,0.0272244897959,0.0422310756972
2,I1,2016,7,best_features_MLP,"(120,)",logistic,sgd,2.2,200,0.965242309879,0.570093457944,0.563829787234,0.0,0.57268722467,0.524752475248,0.0,0.855263157895,0.54358974359,0.0,0.686015831135,0.0397819314642,0.0724719101124,0.00545454545455,-0.0792248062016,0.000583941605839,-0.0195454545455,0.0263157894737
