,league,season,historical_training_year,features,learning_rate,n_estimators,max_depth,min_child_weight,gamma,subsample,colsample_bytree,objective,scale_pos_weight,reg_alpha,ll,acc,prec_A,prec_D,prec_H,rec_A,rec_D,rec_H,f1_A,f1_D,f1_H,bet_all,bet_lte_19,bet_lte_4,bet_btw_19_4,bet_btw_19_5,bet_btw_15_4,bet_btw_15_5
0,E2,2014,9,all_features,0.01,160,8,7,0.28,0.8,0.6,multi:softprob,1,0.87,1.07094827342,0.442660550459,0.403669724771,0.333333333333,0.457943925234,0.301369863014,0.0178571428571,0.825842696629,0.345098039216,0.0338983050847,0.589178356713,-0.053119266055,-0.0296453900709,-0.0544083526682,-0.0632179930796,-0.0728424657534,-0.0568357487923,-0.0636211031175
1,E2,2015,9,all_features,0.01,160,8,7,0.28,0.8,0.6,multi:softprob,1,0.87,1.06877647881,0.452655889145,0.3671875,0.166666666667,0.494983277592,0.340579710145,0.00961538461538,0.774869109948,0.353383458647,0.0181818181818,0.604081632653,-0.0193533487298,-0.0164347826087,-0.015831381733,-0.0057654723127,-0.00766025641026,-0.011686746988,-0.0130238095238
2,E2,2016,9,all_features,0.01,160,8,7,0.28,0.8,0.6,multi:softprob,1,0.87,1.056684115,0.465277777778,0.395161290323,0.0,0.501650165017,0.404958677686,0.0,0.76,0.4,0.0,0.604373757455,-0.0112962962963,0.06904,-0.00113475177305,-0.0171575342466,-0.0215100671141,-2.51889168766e-05,-0.00349875930521
