,league,season,historical_training_year,features,learning_rate,n_estimators,max_depth,min_child_weight,gamma,subsample,colsample_bytree,objective,scale_pos_weight,reg_alpha,ll,acc,prec_A,prec_D,prec_H,rec_A,rec_D,rec_H,f1_A,f1_D,f1_H,bet_all,bet_lte_19,bet_lte_4,bet_btw_19_4,bet_btw_19_5,bet_btw_15_4,bet_btw_15_5
0,E2,2014,9,all_features,0.01,310,3,8,0.19,0.5,0.65,multi:softprob,1,0.48,1.06981242995,0.428899082569,0.395348837209,0.0,0.437142857143,0.232876712329,0.0,0.859550561798,0.293103448276,0.0,0.579545454545,-0.0930504587156,-0.0615,-0.0905827505828,-0.1015625,-0.119897959184,-0.0923114355231,-0.105371702638
1,E2,2015,9,all_features,0.01,310,3,8,0.19,0.5,0.65,multi:softprob,1,0.48,1.0589409048,0.445727482679,0.357142857143,0.0,0.476635514019,0.289855072464,0.0,0.801047120419,0.32,0.0,0.59765625,-0.0326789838337,-0.0150442477876,-0.0474823529412,-0.0500977198697,-0.0442993630573,-0.0442372881356,-0.04
2,E2,2016,9,all_features,0.01,310,3,8,0.19,0.5,0.65,multi:softprob,1,0.48,1.04792921907,0.479166666667,0.413461538462,0.0,0.5,0.355371900826,0.0,0.82,0.382222222222,0.0,0.621212121212,0.0140046296296,0.0738095238095,0.0222877358491,0.0145547945205,0.00956375838926,0.0249246231156,0.0210891089109
