,league,season,historical_training_year,features,learning_rate,n_estimators,max_depth,min_child_weight,gamma,subsample,colsample_bytree,objective,scale_pos_weight,reg_alpha,ll,acc,prec_A,prec_D,prec_H,rec_A,rec_D,rec_H,f1_A,f1_D,f1_H,bet_all,bet_lte_19,bet_lte_4,bet_btw_19_4,bet_btw_19_5,bet_btw_15_4,bet_btw_15_5
0,E1,2014,9,all_features,0.01,190,5,7,0.67,0.7,0.5,multi:softprob,1,0,1.06899067355,0.434482758621,0.438202247191,0.666666666667,0.431486880466,0.291044776119,0.0161290322581,0.83615819209,0.349775784753,0.0314960629921,0.569230769231,-0.0905747126437,0.0451908396947,-0.0944730679157,-0.157739726027,-0.147558528428,-0.10825436409,-0.101642156863
1,E1,2015,9,all_features,0.01,190,5,7,0.67,0.7,0.5,multi:softprob,1,0,1.08011688869,0.416666666667,0.301369863014,0.0,0.43935309973,0.183333333333,0.0,0.857894736842,0.227979274611,0.0,0.58110516934,-0.0955405405405,-0.0115044247788,-0.0928139534884,-0.125993589744,-0.1338125,-0.0984428223844,-0.104940334129
2,E1,2016,9,all_features,0.01,190,5,7,0.67,0.7,0.5,multi:softprob,1,0,1.05528609137,0.481481481481,0.460317460317,0.125,0.493074792244,0.2265625,0.0102040816327,0.864077669903,0.303664921466,0.0188679245283,0.627865961199,0.0431712962963,0.0840833333333,0.0376009501188,0.017027027027,0.0323278688525,0.0297969543147,0.0410918114144
