,league,season,historical_training_year,features,hidden_layer_sizes,activation,solver,alpha,max_iter,ll,acc,prec_A,prec_D,prec_H,rec_A,rec_D,rec_H,f1_A,f1_D,f1_H,bet_all,bet_lte_19,bet_lte_4,bet_btw_19_4,bet_btw_19_5,bet_btw_15_4,bet_btw_15_5
0,D1,2014,7,best_features_MLP,"(160,)",logistic,sgd,1.4,260,1.00418256266,0.52380952381,0.433333333333,0.0,0.552083333333,0.382352941176,0.0,0.861788617886,0.40625,0.0,0.673015873016,0.030119047619,-0.063619047619,-0.0270325203252,0.00735714285714,0.0471328671329,-0.00458762886598,0.0244670050761
1,D1,2015,7,best_features_MLP,"(160,)",logistic,sgd,1.4,260,1.01316031727,0.514403292181,0.46835443038,0.0,0.536585365854,0.486842105263,0.0,0.807339449541,0.477419354839,0.0,0.644688644689,0.00617283950617,-0.025145631068,0.00125,0.0210948905109,0.0292142857143,0.0180319148936,0.0240314136126
2,D1,2016,7,best_features_MLP,"(160,)",logistic,sgd,1.4,260,1.02106533301,0.526923076923,0.477611940299,0.0,0.544041450777,0.457142857143,0.0,0.833333333333,0.467153284672,0.0,0.658307210031,0.0920769230769,-0.0646788990826,0.07688,0.186312056738,0.194189189189,0.125940594059,0.133540669856
