,league,season,historical_training_year,features,hidden_layer_sizes,activation,solver,alpha,max_iter,ll,acc,prec_A,prec_D,prec_H,rec_A,rec_D,rec_H,f1_A,f1_D,f1_H,bet_all,bet_lte_19,bet_lte_4,bet_btw_19_4,bet_btw_19_5,bet_btw_15_4,bet_btw_15_5
0,D1,2014,7,best_features_MLP,"(160,)",logistic,sgd,0.4,200,1.00598025497,0.519841269841,0.423728813559,0.0,0.549222797927,0.367647058824,0.0,0.861788617886,0.393700787402,0.0,0.670886075949,0.0186904761905,-0.063619047619,-0.0387398373984,-0.0132142857143,0.026993006993,-0.0194329896907,0.00984771573604
1,D1,2015,7,best_features_MLP,"(160,)",logistic,sgd,0.4,200,1.01355603837,0.514403292181,0.46835443038,0.0,0.536585365854,0.486842105263,0.0,0.807339449541,0.477419354839,0.0,0.644688644689,0.00530864197531,-0.025145631068,0.000375,0.0195620437956,0.0277142857143,0.016914893617,0.0229319371728
2,D1,2016,7,best_features_MLP,"(160,)",logistic,sgd,0.4,200,1.0218809255,0.526923076923,0.477611940299,0.0,0.544041450777,0.457142857143,0.0,0.833333333333,0.467153284672,0.0,0.658307210031,0.0920769230769,-0.0646788990826,0.07688,0.186312056738,0.194189189189,0.125940594059,0.133540669856
