,league,season,historical_training_year,features,hidden_layer_sizes,activation,solver,alpha,max_iter,ll,acc,prec_A,prec_D,prec_H,rec_A,rec_D,rec_H,f1_A,f1_D,f1_H,bet_all,bet_lte_19,bet_lte_4,bet_btw_19_4,bet_btw_19_5,bet_btw_15_4,bet_btw_15_5
0,D1,2014,7,best_features_MLP,"(30,)",logistic,adam,2.9,130,1.00380525589,0.511904761905,0.396551724138,0.0,0.546391752577,0.338235294118,0.0,0.861788617886,0.365079365079,0.0,0.668769716088,0.00214285714286,-0.0672115384615,-0.0518367346939,-0.0336428571429,0.00699300699301,-0.034175257732,-0.00467005076142
1,D1,2015,7,best_features_MLP,"(30,)",logistic,adam,2.9,130,1.01460604184,0.506172839506,0.469135802469,0.0,0.524691358025,0.5,0.0,0.779816513761,0.484076433121,0.0,0.627306273063,-0.00259259259259,-0.00584158415842,-0.00510460251046,-0.0045652173913,0.0068085106383,0.01,0.0182105263158
2,D1,2016,7,best_features_MLP,"(30,)",logistic,adam,2.9,130,1.02100877997,0.515384615385,0.457142857143,0.0,0.536842105263,0.457142857143,0.0,0.809523809524,0.457142857143,0.0,0.645569620253,0.0616153846154,-0.0646788990826,0.0452,0.130141843972,0.140675675676,0.0813793103448,0.0904285714286
