,league,season,historical_training_year,features,hidden_layer_sizes,activation,solver,alpha,max_iter,ll,acc,prec_A,prec_D,prec_H,rec_A,rec_D,rec_H,f1_A,f1_D,f1_H,bet_all,bet_lte_19,bet_lte_4,bet_btw_19_4,bet_btw_19_5,bet_btw_15_4,bet_btw_15_5
0,E1,2014,7,best_features_MLP,"(150,)",logistic,adam,1.6,150,1.06947036955,0.413793103448,0.385245901639,0.0,0.424920127796,0.350746268657,0.0,0.751412429379,0.3671875,0.0,0.542857142857,-0.152689655172,0.0470149253731,-0.142837209302,-0.228591065292,-0.241621621622,-0.159628712871,-0.169902200489
1,E1,2015,7,best_features_MLP,"(150,)",logistic,adam,1.6,150,1.07850960134,0.394144144144,0.30303030303,0.0,0.432692307692,0.333333333333,0.0,0.710526315789,0.31746031746,0.0,0.537848605578,-0.15713963964,-0.038275862069,-0.133726851852,-0.173729903537,-0.19696875,-0.139587378641,-0.157980997625
2,E1,2016,7,best_features_MLP,"(150,)",logistic,adam,1.6,150,1.05026326922,0.462962962963,0.376344086022,0.212121212121,0.516339869281,0.2734375,0.0714285714286,0.766990291262,0.316742081448,0.106870229008,0.6171875,-0.0135416666667,0.0571074380165,-0.020117370892,-0.0570297029703,-0.0471197411003,-0.0329899497487,-0.0257673267327
