,league,season,historical_training_year,features,hidden_layer_sizes,activation,solver,alpha,max_iter,ll,acc,prec_A,prec_D,prec_H,rec_A,rec_D,rec_H,f1_A,f1_D,f1_H,bet_all,bet_lte_19,bet_lte_4,bet_btw_19_4,bet_btw_19_5,bet_btw_15_4,bet_btw_15_5
0,E1,2014,7,best_features_MLP,"(100,)",logistic,sgd,1.2,210,1.0671978378,0.425287356322,0.407407407407,0.0,0.429378531073,0.246268656716,0.0,0.858757062147,0.306976744186,0.0,0.572504708098,-0.130114942529,0.045572519084,-0.127406542056,-0.203082191781,-0.202583892617,-0.14328358209,-0.143799019608
1,E1,2015,7,best_features_MLP,"(100,)",logistic,sgd,1.2,210,1.07179213292,0.412162162162,0.309090909091,0.0,0.426735218509,0.141666666667,0.0,0.873684210526,0.194285714286,0.0,0.573402417962,-0.133175675676,0.00363636363636,-0.131552511416,-0.188333333333,-0.189528301887,-0.13824940048,-0.139858156028
2,E1,2016,7,best_features_MLP,"(100,)",logistic,sgd,1.2,210,1.04169967815,0.50462962963,0.444444444444,0.0,0.518518518519,0.28125,0.0,0.883495145631,0.344497607656,0.0,0.653500897666,0.0730092592593,0.06656,0.0676525821596,0.0668918918919,0.0817333333333,0.0609547738693,0.0720895522388
