,league,season,historical_training_year,features,hidden_layer_sizes,activation,solver,alpha,max_iter,ll,acc,prec_A,prec_D,prec_H,rec_A,rec_D,rec_H,f1_A,f1_D,f1_H,bet_all,bet_lte_19,bet_lte_4,bet_btw_19_4,bet_btw_19_5,bet_btw_15_4,bet_btw_15_5
0,E1,2014,7,best_features_MLP,"(180,)",logistic,adam,2,270,1.07162460893,0.416091954023,0.370588235294,0.25,0.448275862069,0.470149253731,0.00806451612903,0.661016949153,0.414473684211,0.015625,0.534246575342,-0.119218390805,0.0369696969697,-0.115981308411,-0.18323024055,-0.183636363636,-0.131119402985,-0.132181372549
1,E1,2015,7,best_features_MLP,"(180,)",logistic,adam,2,270,1.0734685656,0.407657657658,0.321428571429,0.230769230769,0.435158501441,0.225,0.0223880597015,0.794736842105,0.264705882353,0.0408163265306,0.562383612663,-0.123738738739,-0.0158474576271,-0.131301369863,-0.178857142857,-0.16490625,-0.137985611511,-0.127890995261
2,E1,2016,7,best_features_MLP,"(180,)",logistic,adam,2,270,1.04507244216,0.483796296296,0.396694214876,1.0,0.516129032258,0.375,0.0102040816327,0.776699029126,0.385542168675,0.020202020202,0.62015503876,0.0334259259259,0.0656,0.0299294117647,0.00952702702703,0.0183443708609,0.0205541561713,0.0269975186104
