,league,season,historical_training_year,features,hidden_layer_sizes,activation,solver,alpha,max_iter,ll,acc,prec_A,prec_D,prec_H,rec_A,rec_D,rec_H,f1_A,f1_D,f1_H,bet_all,bet_lte_19,bet_lte_4,bet_btw_19_4,bet_btw_19_5,bet_btw_15_4,bet_btw_15_5
0,E1,2014,7,best_features_MLP,"(70,)",logistic,sgd,2.3,180,1.06936387811,0.422988505747,0.421875,0.0,0.423180592992,0.201492537313,0.0,0.887005649718,0.272727272727,0.0,0.57299270073,-0.128413793103,0.0528461538462,-0.136098130841,-0.218156996587,-0.202441471572,-0.152537313433,-0.141985294118
1,E1,2015,7,best_features_MLP,"(70,)",logistic,sgd,2.3,180,1.06903224825,0.423423423423,0.347826086957,0.0,0.43216080402,0.133333333333,0.0,0.905263157895,0.192771084337,0.0,0.585034013605,-0.0966666666667,0.00363636363636,-0.10180778032,-0.146720257235,-0.138553459119,-0.107019230769,-0.101536643026
2,E1,2016,7,best_features_MLP,"(70,)",logistic,sgd,2.3,180,1.03941931759,0.50462962963,0.475409836066,0.0,0.509433962264,0.2265625,0.0,0.917475728155,0.306878306878,0.0,0.655112651646,0.075787037037,0.0839024390244,0.0645047169811,0.0551689189189,0.0785430463576,0.0575505050505,0.0750746268657
