,league,season,historical_training_year,features,hidden_layer_sizes,activation,solver,alpha,max_iter,ll,acc,prec_A,prec_D,prec_H,rec_A,rec_D,rec_H,f1_A,f1_D,f1_H,bet_all,bet_lte_19,bet_lte_4,bet_btw_19_4,bet_btw_19_5,bet_btw_15_4,bet_btw_15_5
0,E1,2014,7,best_features_MLP,"(20,)",logistic,sgd,1.2,200,1.07312676708,0.427586206897,0.590909090909,0.0,0.418886198547,0.0970149253731,0.0,0.977401129944,0.166666666667,0.0,0.586440677966,-0.0860459770115,0.0423577235772,-0.0969761904762,-0.156109215017,-0.12931147541,-0.109670886076,-0.0909582309582
1,E1,2015,7,best_features_MLP,"(20,)",logistic,sgd,1.2,200,1.07318841543,0.43018018018,0.4,0.0,0.432367149758,0.1,0.0,0.942105263158,0.16,0.0,0.592715231788,-0.0806756756757,-0.00075,-0.0834633027523,-0.118971061093,-0.11141509434,-0.0877590361446,-0.0825829383886
2,E1,2016,7,best_features_MLP,"(20,)",logistic,sgd,1.2,200,1.04592922736,0.486111111111,0.448275862069,0.0,0.488833746898,0.1015625,0.0,0.956310679612,0.165605095541,0.0,0.646962233169,0.054537037037,0.092268907563,0.0318377088305,0.00562711864407,0.0379207920792,0.0224552429668,0.04664160401
