,league,season,historical_training_year,features,hidden_layer_sizes,activation,solver,alpha,max_iter,ll,acc,prec_A,prec_D,prec_H,rec_A,rec_D,rec_H,f1_A,f1_D,f1_H,bet_all,bet_lte_19,bet_lte_4,bet_btw_19_4,bet_btw_19_5,bet_btw_15_4,bet_btw_15_5
0,E1,2014,7,best_features_MLP,"(160,)",logistic,sgd,1.4,260,1.07093686786,0.427586206897,0.416666666667,0.0,0.429752066116,0.223880597015,0.0,0.881355932203,0.291262135922,0.0,0.577777777778,-0.116436781609,0.0509230769231,-0.123925233645,-0.1995221843,-0.1869,-0.139577114428,-0.131344743276
1,E1,2015,7,best_features_MLP,"(160,)",logistic,sgd,1.4,260,1.07120454487,0.414414414414,0.328947368421,0.0,0.432065217391,0.208333333333,0.0,0.836842105263,0.255102040816,0.0,0.569892473118,-0.128198198198,0.00454545454545,-0.126506849315,-0.181602564103,-0.180347003155,-0.132949640288,-0.132582938389
2,E1,2016,7,best_features_MLP,"(160,)",logistic,sgd,1.4,260,1.04055045011,0.493055555556,0.44,0.0,0.5,0.171875,0.0,0.927184466019,0.247191011236,0.0,0.649659863946,0.0445833333333,0.0839024390244,0.0327122641509,0.00962837837838,0.0339072847682,0.0235101010101,0.0415422885572
