,league,season,historical_training_year,features,hidden_layer_sizes,activation,solver,alpha,max_iter,ll,acc,prec_A,prec_D,prec_H,rec_A,rec_D,rec_H,f1_A,f1_D,f1_H,bet_all,bet_lte_19,bet_lte_4,bet_btw_19_4,bet_btw_19_5,bet_btw_15_4,bet_btw_15_5
0,E1,2014,7,best_features_MLP,"(60,)",logistic,sgd,1.5,220,1.06946093502,0.427586206897,0.425,0.0,0.428169014085,0.253731343284,0.0,0.858757062147,0.317757009346,0.0,0.571428571429,-0.114712643678,0.0536153846154,-0.120117096019,-0.195410958904,-0.182842809365,-0.135561097257,-0.12737745098
1,E1,2015,7,best_features_MLP,"(60,)",logistic,sgd,1.5,220,1.07240452924,0.412162162162,0.308823529412,0.0,0.43085106383,0.175,0.0,0.852631578947,0.223404255319,0.0,0.572438162544,-0.131261261261,-0.01,-0.125619266055,-0.173974358974,-0.18059375,-0.132048192771,-0.137848699764
2,E1,2016,7,best_features_MLP,"(60,)",logistic,sgd,1.5,220,1.03843214694,0.49537037037,0.444444444444,0.0,0.50406504065,0.21875,0.0,0.902912621359,0.293193717277,0.0,0.646956521739,0.0517361111111,0.0839024390244,0.04,0.0200675675676,0.0441390728477,0.0313131313131,0.0492288557214
