,league,season,historical_training_year,features,hidden_layer_sizes,activation,solver,alpha,max_iter,ll,acc,prec_A,prec_D,prec_H,rec_A,rec_D,rec_H,f1_A,f1_D,f1_H,bet_all,bet_lte_19,bet_lte_4,bet_btw_19_4,bet_btw_19_5,bet_btw_15_4,bet_btw_15_5
0,E1,2014,7,best_features_MLP,"(200,)",logistic,sgd,2.8,180,1.07004866587,0.429885057471,0.432432432432,0.0,0.429362880886,0.238805970149,0.0,0.875706214689,0.307692307692,0.0,0.576208178439,-0.116988505747,0.0592366412214,-0.124485981308,-0.204931506849,-0.189429530201,-0.140174129353,-0.129803921569
1,E1,2015,7,best_features_MLP,"(200,)",logistic,sgd,2.8,180,1.07058133935,0.414414414414,0.3,0.0,0.428934010152,0.125,0.0,0.889473684211,0.176470588235,0.0,0.578767123288,-0.123558558559,0.00363636363636,-0.129130434783,-0.185112540193,-0.176100628931,-0.135721153846,-0.129763593381
2,E1,2016,7,best_features_MLP,"(200,)",logistic,sgd,2.8,180,1.04041688536,0.497685185185,0.454545454545,0.0,0.503978779841,0.1953125,0.0,0.922330097087,0.273224043716,0.0,0.65180102916,0.0575,0.0839024390244,0.0458726415094,0.0284797297297,0.0523841059603,0.037601010101,0.0554228855721
