,league,season,historical_training_year,features,hidden_layer_sizes,activation,solver,alpha,max_iter,ll,acc,prec_A,prec_D,prec_H,rec_A,rec_D,rec_H,f1_A,f1_D,f1_H,bet_all,bet_lte_19,bet_lte_4,bet_btw_19_4,bet_btw_19_5,bet_btw_15_4,bet_btw_15_5
0,E0,2014,7,best_features_MLP,"(80,)",logistic,sgd,1.6,120,0.99269922196,0.51875,0.575,0.0,0.510714285714,0.239583333333,0.0,0.940789473684,0.338235294118,0.0,0.662037037037,0.04721875,0.0536363636364,0.0249333333333,-0.00585526315789,-0.00869565217391,0.0102127659574,0.00774590163934
1,E0,2015,7,best_features_MLP,"(80,)",logistic,sgd,1.6,120,1.03624918174,0.474193548387,0.426666666667,0.0,0.489361702128,0.355555555556,0.0,0.864661654135,0.387878787879,0.0,0.625,-0.0548709677419,-0.0357142857143,-0.0441414141414,-0.050350877193,-0.0750555555556,-0.0365182186235,-0.054375
2,E0,2016,7,best_features_MLP,"(80,)",logistic,sgd,1.6,120,0.95611919226,0.561128526646,0.528571428571,0.0,0.570281124498,0.425287356322,0.0,0.8875,0.471337579618,0.0,0.694376528117,0.0220689655172,0.0267080745342,0.0435785953177,0.0571532846715,0.0530821917808,0.0856338028169,0.0818018018018
