,league,season,historical_training_year,features,hidden_layer_sizes,activation,solver,alpha,max_iter,ll,acc,prec_A,prec_D,prec_H,rec_A,rec_D,rec_H,f1_A,f1_D,f1_H,bet_all,bet_lte_19,bet_lte_4,bet_btw_19_4,bet_btw_19_5,bet_btw_15_4,bet_btw_15_5
0,E0,2014,7,best_features_MLP,"(160,)",logistic,sgd,1.4,260,0.991192421977,0.525,0.557692307692,0.0,0.518656716418,0.302083333333,0.0,0.914473684211,0.391891891892,0.0,0.661904761905,0.02984375,0.0530872483221,0.0105555555556,-0.0353947368421,-0.0305625,-0.00354166666667,-0.00145161290323
1,E0,2015,7,best_features_MLP,"(160,)",logistic,sgd,1.4,260,1.03729863223,0.458064516129,0.404494382022,0.0,0.47963800905,0.4,0.0,0.796992481203,0.402234636872,0.0,0.598870056497,-0.104096774194,-0.0480158730159,-0.0786868686869,-0.101286549708,-0.123444444444,-0.0780566801619,-0.094453125
2,E0,2016,7,best_features_MLP,"(160,)",logistic,sgd,1.4,260,0.954932828117,0.564263322884,0.483146067416,0.0,0.595652173913,0.494252873563,0.0,0.85625,0.488636363636,0.0,0.702564102564,0.0126959247649,0.0267682926829,0.0350825082508,0.0386956521739,0.0114383561644,0.0729953917051,0.0540888888889
