,league,season,historical_training_year,features,hidden_layer_sizes,activation,solver,alpha,max_iter,ll,acc,prec_A,prec_D,prec_H,rec_A,rec_D,rec_H,f1_A,f1_D,f1_H,bet_all,bet_lte_19,bet_lte_4,bet_btw_19_4,bet_btw_19_5,bet_btw_15_4,bet_btw_15_5
0,E0,2014,7,best_features_MLP,"(100,)",logistic,sgd,1.9,110,0.990099827027,0.521875,0.526315789474,0.0,0.520912547529,0.3125,0.0,0.901315789474,0.392156862745,0.0,0.660240963855,0.01415625,0.0584,-0.00908794788274,-0.0805921052632,-0.0676729559748,-0.0285062240664,-0.0216935483871
1,E0,2015,7,best_features_MLP,"(100,)",logistic,sgd,1.9,110,1.03948835627,0.467741935484,0.425287356322,0.0,0.484304932735,0.411111111111,0.0,0.812030075188,0.418079096045,0.0,0.606741573034,-0.0761290322581,-0.0480158730159,-0.0494949494949,-0.0505847953216,-0.0752777777778,-0.042955465587,-0.0605859375
2,E0,2016,7,best_features_MLP,"(100,)",logistic,sgd,1.9,110,0.95623306566,0.567398119122,0.512820512821,0.0,0.585062240664,0.459770114943,0.0,0.88125,0.484848484848,0.0,0.703241895262,0.0194670846395,0.0327272727273,0.0387828947368,0.0397826086957,0.0265277777778,0.0779816513761,0.0684375
