,league,season,historical_training_year,features,hidden_layer_sizes,activation,solver,alpha,max_iter,ll,acc,prec_A,prec_D,prec_H,rec_A,rec_D,rec_H,f1_A,f1_D,f1_H,bet_all,bet_lte_19,bet_lte_4,bet_btw_19_4,bet_btw_19_5,bet_btw_15_4,bet_btw_15_5
0,E0,2014,7,best_features_MLP,"(100,)",logistic,sgd,1.2,210,0.988452824994,0.525,0.533333333333,0.0,0.523076923077,0.333333333333,0.0,0.894736842105,0.410256410256,0.0,0.660194174757,0.0299375,0.0584,-0.00343137254902,-0.0757236842105,-0.0419375,-0.021375,-0.00133064516129
1,E0,2015,7,best_features_MLP,"(100,)",logistic,sgd,1.2,210,1.03731392135,0.464516129032,0.415730337079,0.0,0.484162895928,0.411111111111,0.0,0.804511278195,0.413407821229,0.0,0.604519774011,-0.0844516129032,-0.0480158730159,-0.0581818181818,-0.0656725146199,-0.0896111111111,-0.0534008097166,-0.0706640625
2,E0,2016,7,best_features_MLP,"(100,)",logistic,sgd,1.2,210,0.95081904072,0.570532915361,0.5,0.0,0.598253275109,0.51724137931,0.0,0.85625,0.508474576271,0.0,0.704370179949,0.0371473354232,0.0330674846626,0.0485099337748,0.0605797101449,0.057619047619,0.0919444444444,0.0887555555556
