,league,season,historical_training_year,features,hidden_layer_sizes,activation,solver,alpha,max_iter,ll,acc,prec_A,prec_D,prec_H,rec_A,rec_D,rec_H,f1_A,f1_D,f1_H,bet_all,bet_lte_19,bet_lte_4,bet_btw_19_4,bet_btw_19_5,bet_btw_15_4,bet_btw_15_5
0,E0,2014,7,best_features_MLP,"(150,)",logistic,sgd,1.4,100,0.988162833823,0.53125,0.543859649123,0.0,0.528517110266,0.322916666667,0.0,0.914473684211,0.40522875817,0.0,0.669879518072,0.07015625,0.0634246575342,0.028178807947,-0.0161184210526,0.00216049382716,0.0144725738397,0.0252226720648
1,E0,2015,7,best_features_MLP,"(150,)",logistic,sgd,1.4,100,1.03793327955,0.458064516129,0.4,0.0,0.481818181818,0.4,0.0,0.796992481203,0.4,0.0,0.600566572238,-0.108161290323,-0.0334126984127,-0.0829292929293,-0.119415204678,-0.140666666667,-0.0831578947368,-0.099375
2,E0,2016,7,best_features_MLP,"(150,)",logistic,sgd,1.4,100,0.963548793196,0.551724137931,0.487179487179,0.0,0.572614107884,0.436781609195,0.0,0.8625,0.460606060606,0.0,0.688279301746,-0.0147021943574,0.0203703703704,0.0129235880399,-0.00224637681159,-0.0205517241379,0.0423255813953,0.028963963964
