,league,season,historical_training_year,features,hidden_layer_sizes,activation,solver,alpha,max_iter,ll,acc,prec_A,prec_D,prec_H,rec_A,rec_D,rec_H,f1_A,f1_D,f1_H,bet_all,bet_lte_19,bet_lte_4,bet_btw_19_4,bet_btw_19_5,bet_btw_15_4,bet_btw_15_5
0,E0,2014,7,best_features_MLP,"(20,)",logistic,adam,2.1,120,0.99352953488,0.515625,0.529411764706,0.0,0.513011152416,0.28125,0.0,0.907894736842,0.367346938776,0.0,0.655581947743,0.0025625,0.0530872483221,-0.0179738562092,-0.0928289473684,-0.085125,-0.0399166666667,-0.0366532258065
1,E0,2015,7,best_features_MLP,"(20,)",logistic,adam,2.1,120,1.03894167011,0.448387096774,0.390804597701,0.0,0.470852017937,0.377777777778,0.0,0.789473684211,0.38418079096,0.0,0.589887640449,-0.131419354839,-0.0480158730159,-0.107205387205,-0.15081871345,-0.1705,-0.112348178138,-0.1275390625
2,E0,2016,7,best_features_MLP,"(20,)",logistic,adam,2.1,120,0.960617200095,0.564263322884,0.5,0.0,0.588744588745,0.505747126437,0.0,0.85,0.502857142857,0.0,0.695652173913,0.0208150470219,0.0267682926829,0.0278547854785,0.0228260869565,0.0291780821918,0.0629032258065,0.0656
