,league,season,historical_training_year,features,hidden_layer_sizes,activation,solver,alpha,max_iter,ll,acc,prec_A,prec_D,prec_H,rec_A,rec_D,rec_H,f1_A,f1_D,f1_H,bet_all,bet_lte_19,bet_lte_4,bet_btw_19_4,bet_btw_19_5,bet_btw_15_4,bet_btw_15_5
0,E0,2014,7,best_features_MLP,"(10,)",logistic,sgd,1.7,180,0.992462179727,0.521875,0.557692307692,0.0,0.514925373134,0.302083333333,0.0,0.907894736842,0.391891891892,0.0,0.657142857143,0.012875,0.0574,-0.00038961038961,-0.0616339869281,-0.075125,-0.0173553719008,-0.0272690763052
1,E0,2015,7,best_features_MLP,"(10,)",logistic,sgd,1.7,180,1.0352347241,0.464516129032,0.415584415584,0.0,0.480686695279,0.355555555556,0.0,0.842105263158,0.383233532934,0.0,0.612021857923,-0.0788064516129,-0.028,-0.0659797297297,-0.0937426900585,-0.116277777778,-0.0627642276423,-0.0797647058824
2,E0,2016,7,best_features_MLP,"(10,)",logistic,sgd,1.7,180,0.960100269882,0.561128526646,0.493670886076,0.0,0.583333333333,0.448275862069,0.0,0.875,0.469879518072,0.0,0.7,0.0156112852665,0.0318125,0.0373578595318,0.0375362318841,0.0263513513514,0.0769014084507,0.0677130044843
