,mean_fit_time,mean_score_time,mean_test_score,mean_train_score,param_colsample_bytree,param_gamma,param_learning_rate,param_max_depth,param_min_child_weight,param_n_estimators,param_objective,param_scale_pos_weight,param_subsample,params,rank_test_score,split0_test_score,split0_train_score,split1_test_score,split1_train_score,split2_test_score,split2_train_score,split3_test_score,split3_train_score,split4_test_score,split4_train_score,split5_test_score,split5_train_score,split6_test_score,split6_train_score,split7_test_score,split7_train_score,std_fit_time,std_score_time,std_test_score,std_train_score
0,196.252905667,0.475070595741,-14.0366755821,-9.99200722163e-16,0.8,0,0.1,70,1,1000,binary:logistic,1,0.8,"{'colsample_bytree': 0.8, 'scale_pos_weight': 1, 'learning_rate': 0.1, 'min_child_weight': 1, 'n_estimators': 1000, 'subsample': 0.8, 'objective': 'binary:logistic', 'max_depth': 70, 'gamma': 0}",1,-14.2601703787,-9.99200722163e-16,-13.2362384711,-9.99200722163e-16,-13.6358130386,-9.99200722163e-16,-14.8845294533,-9.99200722163e-16,-14.9095003705,-9.99200722163e-16,-13.8605859825,-9.99200722163e-16,-13.8106418356,-9.99200722163e-16,-13.6956785634,-9.99200722163e-16,0.485682226803,0.0623392776405,0.562421325528,0.0
1,191.890903622,0.570384979248,-14.0366755821,-9.99200722163e-16,0.8,0,0.1,100,1,1000,binary:logistic,1,0.8,"{'colsample_bytree': 0.8, 'scale_pos_weight': 1, 'learning_rate': 0.1, 'min_child_weight': 1, 'n_estimators': 1000, 'subsample': 0.8, 'objective': 'binary:logistic', 'max_depth': 100, 'gamma': 0}",1,-14.2601703787,-9.99200722163e-16,-13.2362384711,-9.99200722163e-16,-13.6358130386,-9.99200722163e-16,-14.8845294533,-9.99200722163e-16,-14.9095003705,-9.99200722163e-16,-13.8605859825,-9.99200722163e-16,-13.8106418356,-9.99200722163e-16,-13.6956785634,-9.99200722163e-16,0.357138330878,0.133588571101,0.562421325528,0.0
2,197.712495089,0.486463755369,-14.0366755821,-9.99200722163e-16,0.8,0,0.1,130,1,1000,binary:logistic,1,0.8,"{'colsample_bytree': 0.8, 'scale_pos_weight': 1, 'learning_rate': 0.1, 'min_child_weight': 1, 'n_estimators': 1000, 'subsample': 0.8, 'objective': 'binary:logistic', 'max_depth': 130, 'gamma': 0}",1,-14.2601703787,-9.99200722163e-16,-13.2362384711,-9.99200722163e-16,-13.6358130386,-9.99200722163e-16,-14.8845294533,-9.99200722163e-16,-14.9095003705,-9.99200722163e-16,-13.8605859825,-9.99200722163e-16,-13.8106418356,-9.99200722163e-16,-13.6956785634,-9.99200722163e-16,5.60534114162,0.0750504615658,0.562421325528,0.0
