,league,season,historical_training_year,features,hidden_layer_sizes,activation,solver,alpha,max_iter,ll,acc,prec_A,prec_D,prec_H,rec_A,rec_D,rec_H,f1_A,f1_D,f1_H,bet_all,bet_lte_19,bet_lte_4,bet_btw_19_4,bet_btw_19_5,bet_btw_15_4,bet_btw_15_5
0,SP1,2014,7,best_features_MLP,"(110,)",logistic,sgd,2.8,100,0.995631629751,0.51875,0.658536585366,0.0,0.498207885305,0.272727272727,0.0,0.945578231293,0.385714285714,0.0,0.652582159624,-0.10334375,-0.00679012345679,-0.06699669967,-0.143571428571,-0.177947019868,-0.116794258373,-0.141727272727
1,SP1,2015,7,best_features_MLP,"(110,)",logistic,sgd,2.8,100,0.988264211519,0.540625,0.537037037037,0.0,0.541353383459,0.341176470588,0.0,0.905660377358,0.41726618705,0.0,0.677647058824,-0.026875,-0.00417721518987,-0.0447756410256,-0.0928758169935,-0.0308280254777,-0.0822173913043,-0.0407692307692
2,SP1,2016,7,best_features_MLP,"(110,)",logistic,sgd,2.8,100,0.967529654508,0.53605015674,0.56,0.0,0.531598513011,0.307692307692,0.0,0.922580645161,0.397163120567,0.0,0.674528301887,-0.0321943573668,0.0750967741935,-0.0172297297297,-0.118723404255,-0.0869333333333,-0.0253051643192,-0.00761261261261
