,league,season,historical_training_year,features,hidden_layer_sizes,activation,solver,alpha,max_iter,ll,acc,prec_A,prec_D,prec_H,rec_A,rec_D,rec_H,f1_A,f1_D,f1_H,bet_all,bet_lte_19,bet_lte_4,bet_btw_19_4,bet_btw_19_5,bet_btw_15_4,bet_btw_15_5
0,SP1,2014,7,best_features_MLP,"(220,)",logistic,sgd,2.8,210,0.988205430801,0.50625,0.583333333333,0.0,0.492647058824,0.282828282828,0.0,0.91156462585,0.380952380952,0.0,0.639618138425,-0.14034375,-0.00251533742331,-0.109013157895,-0.240214285714,-0.267549668874,-0.177380952381,-0.199185520362
1,SP1,2015,7,best_features_MLP,"(220,)",logistic,sgd,2.8,210,0.981253907126,0.54375,0.535714285714,0.0,0.545454545455,0.352941176471,0.0,0.905660377358,0.425531914894,0.0,0.68085106383,-0.022,-0.00062893081761,-0.0428434504792,-0.0928758169935,-0.0308280254777,-0.0794372294372,-0.0382127659574
2,SP1,2016,7,best_features_MLP,"(220,)",logistic,sgd,2.8,210,0.9608522084,0.557993730408,0.5625,0.0,0.556862745098,0.395604395604,0.0,0.916129032258,0.464516129032,0.0,0.692682926829,0.0123510971787,0.0655974842767,0.0136544850498,-0.0445070422535,-0.0041610738255,0.0218518518519,0.0467264573991
