,league,season,historical_training_year,features,hidden_layer_sizes,activation,solver,alpha,max_iter,ll,acc,prec_A,prec_D,prec_H,rec_A,rec_D,rec_H,f1_A,f1_D,f1_H,bet_all,bet_lte_19,bet_lte_4,bet_btw_19_4,bet_btw_19_5,bet_btw_15_4,bet_btw_15_5
0,SP1,2014,7,best_features_MLP,"(60,)",logistic,sgd,0.3,190,0.993465495894,0.503125,0.56862745098,0.0,0.490706319703,0.292929292929,0.0,0.897959183673,0.386666666667,0.0,0.634615384615,-0.14478125,-0.003875,-0.107814569536,-0.232907801418,-0.260592105263,-0.177714285714,-0.199502262443
1,SP1,2015,7,best_features_MLP,"(60,)",logistic,sgd,0.3,190,0.978594573925,0.5375,0.5,0.0,0.546511627907,0.364705882353,0.0,0.88679245283,0.421768707483,0.0,0.676258992806,-0.04646875,-0.00534591194969,-0.0603174603175,-0.122903225806,-0.0817721518987,-0.103793103448,-0.0763829787234
2,SP1,2016,7,best_features_MLP,"(60,)",logistic,sgd,0.3,190,0.959339520178,0.564263322884,0.577464788732,0.0,0.560483870968,0.450549450549,0.0,0.896774193548,0.506172839506,0.0,0.68982630273,0.0330721003135,0.0691772151899,0.0390666666667,0.00556338028169,0.0366,0.0518139534884,0.0710313901345
