,league,season,historical_training_year,features,learning_rate,n_estimators,max_depth,min_child_weight,gamma,subsample,colsample_bytree,objective,scale_pos_weight,reg_alpha,ll,acc,prec_A,prec_D,prec_H,rec_A,rec_D,rec_H,f1_A,f1_D,f1_H,bet_all,bet_lte_19,bet_lte_4,bet_btw_19_4,bet_btw_19_5,bet_btw_15_4,bet_btw_15_5
0,F1,2014,9,all_features,0.01,100,5,1,0.01,0.75,0.8,multi:softprob,1,0.57,1.05040991644,0.503333333333,0.571428571429,0.0,0.505791505792,0.227272727273,0.0,0.916083916084,0.325203252033,0.0,0.651741293532,0.0402666666667,0.0442424242424,0.037649122807,0.0407103825137,0.0770833333333,0.040826446281,0.0686454183267
1,F1,2015,9,all_features,0.01,100,5,1,0.01,0.75,0.8,multi:softprob,1,0.57,1.06745808184,0.47,0.489795918367,0.5,0.465863453815,0.275862068966,0.0117647058824,0.90625,0.352941176471,0.0229885057471,0.615384615385,-0.0341666666667,-0.0202912621359,-0.0736458333333,-0.10393442623,-0.0577202072539,-0.0993574297189,-0.0650965250965
2,F1,2016,9,all_features,0.01,100,5,1,0.01,0.75,0.8,multi:softprob,1,0.57,1.04549583764,0.498381877023,0.45,0.5,0.51012145749,0.325301204819,0.0125,0.86301369863,0.377622377622,0.0243902439024,0.641221374046,-0.0530420711974,0.105765765766,-0.0661538461538,-0.168924731183,-0.134175257732,-0.0887550200803,-0.0650194552529
