,league,season,historical_training_year,features,learning_rate,n_estimators,max_depth,min_child_weight,gamma,subsample,colsample_bytree,objective,scale_pos_weight,reg_alpha,ll,acc,prec_A,prec_D,prec_H,rec_A,rec_D,rec_H,f1_A,f1_D,f1_H,bet_all,bet_lte_19,bet_lte_4,bet_btw_19_4,bet_btw_19_5,bet_btw_15_4,bet_btw_15_5
0,F1,2014,9,all_features,0.01,210,4,1,0.24,0.82,0.49,multi:softprob,1,0.37,1.03199353218,0.493333333333,0.515151515152,0.0,0.5,0.193181818182,0.0,0.916083916084,0.280991735537,0.0,0.646913580247,0.0308666666667,0.0427083333333,0.0251773049645,0.0271739130435,0.0374226804124,0.02377593361,0.0318326693227
1,F1,2015,9,all_features,0.01,210,4,1,0.24,0.82,0.49,multi:softprob,1,0.37,1.05756549716,0.47,0.511111111111,0.4,0.464,0.264367816092,0.0235294117647,0.90625,0.348484848485,0.0444444444444,0.613756613757,-0.0288666666667,-0.0202912621359,-0.068125,-0.0952459016393,-0.049481865285,-0.0929718875502,-0.0589575289575
2,F1,2016,9,all_features,0.01,210,4,1,0.24,0.82,0.49,multi:softprob,1,0.37,1.02464820613,0.504854368932,0.466666666667,0.0,0.516129032258,0.33734939759,0.0,0.876712328767,0.391608391608,0.0,0.649746192893,-0.038932038835,0.105765765766,-0.0515719063545,-0.145483870968,-0.111701030928,-0.0712449799197,-0.0480544747082
