,league,season,historical_training_year,features,learning_rate,n_estimators,max_depth,min_child_weight,gamma,subsample,colsample_bytree,objective,scale_pos_weight,reg_alpha,ll,acc,prec_A,prec_D,prec_H,rec_A,rec_D,rec_H,f1_A,f1_D,f1_H,bet_all,bet_lte_19,bet_lte_4,bet_btw_19_4,bet_btw_19_5,bet_btw_15_4,bet_btw_15_5
0,F1,2014,9,all_features,0.01,160,5,8,0.64,0.75,0.85,multi:softprob,1,0.39,1.03755856295,0.513333333333,0.53488372093,0.125,0.522088353414,0.261363636364,0.0144927536232,0.909090909091,0.351145038168,0.025974025974,0.663265306122,0.0810666666667,0.0548979591837,0.0609407665505,0.0710215053763,0.10140625,0.0638367346939,0.0872509960159
1,F1,2015,9,all_features,0.01,160,5,8,0.64,0.75,0.85,multi:softprob,1,0.39,1.06357441306,0.47,0.471698113208,0.6,0.46694214876,0.287356321839,0.0352941176471,0.8828125,0.357142857143,0.0666666666667,0.610810810811,-0.0305666666667,-0.0202912621359,-0.0698958333333,-0.0980327868852,-0.0521243523316,-0.0950200803213,-0.0609266409266
2,F1,2016,9,all_features,0.01,160,5,8,0.64,0.75,0.85,multi:softprob,1,0.39,1.0288345617,0.491909385113,0.424242424242,0.0,0.514522821577,0.33734939759,0.0,0.849315068493,0.375838926174,0.0,0.640826873385,-0.0673786407767,0.105765765766,-0.0809698996656,-0.192741935484,-0.157010309278,-0.106546184739,-0.0822568093385
