,league,season,historical_training_year,features,learning_rate,n_estimators,max_depth,min_child_weight,gamma,subsample,colsample_bytree,objective,scale_pos_weight,reg_alpha,ll,acc,prec_A,prec_D,prec_H,rec_A,rec_D,rec_H,f1_A,f1_D,f1_H,bet_all,bet_lte_19,bet_lte_4,bet_btw_19_4,bet_btw_19_5,bet_btw_15_4,bet_btw_15_5
0,F1,2014,9,all_features,0.01,200,4,1,0.41,0.76,0.4,multi:softprob,1,0.46,1.03318249146,0.486666666667,0.451612903226,0.0,0.498113207547,0.159090909091,0.0,0.923076923077,0.235294117647,0.0,0.647058823529,0.007,0.0396842105263,0.0253003533569,0.0289784946237,0.00737113402062,0.0251851851852,0.00860557768924
1,F1,2015,9,all_features,0.01,200,4,1,0.41,0.76,0.4,multi:softprob,1,0.46,1.05808033586,0.476666666667,0.545454545455,0.333333333333,0.466403162055,0.275862068966,0.0117647058824,0.921875,0.36641221374,0.0227272727273,0.619422572178,-0.0195,-0.0297115384615,-0.0472664359862,-0.0572131147541,-0.0298958333333,-0.06876,-0.0481081081081
2,F1,2016,9,all_features,0.01,200,4,1,0.41,0.76,0.4,multi:softprob,1,0.46,1.02550223856,0.495145631068,0.472727272727,0.0,0.501976284585,0.313253012048,0.0,0.869863013699,0.376811594203,0.0,0.636591478697,-0.0721035598706,0.0958928571429,-0.0728333333333,-0.174677419355,-0.160207253886,-0.09668,-0.0879377431907
