,league,season,historical_training_year,features,learning_rate,n_estimators,max_depth,min_child_weight,gamma,subsample,colsample_bytree,objective,scale_pos_weight,reg_alpha,ll,acc,prec_A,prec_D,prec_H,rec_A,rec_D,rec_H,f1_A,f1_D,f1_H,bet_all,bet_lte_19,bet_lte_4,bet_btw_19_4,bet_btw_19_5,bet_btw_15_4,bet_btw_15_5
0,F1,2014,9,all_features,0.01,310,5,1,0.1,0.55,0.65,multi:softprob,1,0.78,1.02202860504,0.503333333333,0.490566037736,0.0,0.527426160338,0.295454545455,0.0,0.874125874126,0.368794326241,0.0,0.657894736842,0.0266666666667,0.0526732673267,0.0340344827586,0.030376344086,0.0405208333333,0.0329795918367,0.0406772908367
1,F1,2015,9,all_features,0.01,310,5,1,0.1,0.55,0.65,multi:softprob,1,0.78,1.05688795189,0.466666666667,0.462962962963,0.428571428571,0.468619246862,0.287356321839,0.0352941176471,0.875,0.354609929078,0.0652173913043,0.610354223433,-0.0438666666667,-0.0344660194175,-0.0667708333333,-0.0851366120219,-0.0603645833333,-0.0892,-0.070694980695
2,F1,2016,9,all_features,0.01,310,5,1,0.1,0.55,0.65,multi:softprob,1,0.78,1.02474566011,0.498381877023,0.465753424658,0.166666666667,0.517391304348,0.409638554217,0.0125,0.815068493151,0.435897435897,0.0232558139535,0.632978723404,-0.042427184466,0.109541284404,-0.0551839464883,-0.150744680851,-0.117091836735,-0.0755823293173,-0.0522568093385
