,league,season,historical_training_year,features,learning_rate,n_estimators,max_depth,min_child_weight,gamma,subsample,colsample_bytree,objective,scale_pos_weight,reg_alpha,ll,acc,prec_A,prec_D,prec_H,rec_A,rec_D,rec_H,f1_A,f1_D,f1_H,bet_all,bet_lte_19,bet_lte_4,bet_btw_19_4,bet_btw_19_5,bet_btw_15_4,bet_btw_15_5
0,F1,2014,9,all_features,0.01,160,8,7,0.28,0.8,0.6,multi:softprob,1,0.87,1.03521037598,0.496666666667,0.522727272727,0.0,0.51012145749,0.261363636364,0.0,0.881118881119,0.348484848485,0.0,0.646153846154,0.0224333333333,0.0353608247423,0.0333684210526,0.0388108108108,0.0536082474227,0.0362551440329,0.0477380952381
1,F1,2015,9,all_features,0.01,160,8,7,0.28,0.8,0.6,multi:softprob,1,0.87,1.05772053977,0.486666666667,0.520833333333,0.583333333333,0.475,0.287356321839,0.0823529411765,0.890625,0.37037037037,0.144329896907,0.619565217391,0.0149666666667,-0.0341747572816,0.00543252595156,0.0282065217391,0.03140625,-0.00609561752988,-0.00266409266409
2,F1,2016,9,all_features,0.01,160,8,7,0.28,0.8,0.6,multi:softprob,1,0.87,1.03482433623,0.488673139159,0.420289855072,0.0,0.514767932489,0.349397590361,0.0,0.835616438356,0.381578947368,0.0,0.637075718016,-0.0733333333333,0.104907407407,-0.0778716216216,-0.184301075269,-0.157602040816,-0.103130081301,-0.085859375
