,league,season,historical_training_year,features,learning_rate,n_estimators,max_depth,min_child_weight,gamma,subsample,colsample_bytree,objective,scale_pos_weight,reg_alpha,ll,acc,prec_A,prec_D,prec_H,rec_A,rec_D,rec_H,f1_A,f1_D,f1_H,bet_all,bet_lte_19,bet_lte_4,bet_btw_19_4,bet_btw_19_5,bet_btw_15_4,bet_btw_15_5
0,F1,2014,9,all_features,0.01,255,4,1,0.38,0.7,0.4,multi:softprob,1,0.38,1.02928949773,0.496666666667,0.542857142857,0.0,0.5,0.215909090909,0.0,0.909090909091,0.308943089431,0.0,0.645161290323,0.0228333333333,0.0319587628866,0.0374295774648,0.0515135135135,0.0657216494845,0.0423966942149,0.0537051792829
1,F1,2015,9,all_features,0.01,255,4,1,0.38,0.7,0.4,multi:softprob,1,0.38,1.05639967988,0.463333333333,0.533333333333,0.2,0.456,0.275862068966,0.0117647058824,0.890625,0.363636363636,0.0222222222222,0.603174603175,-0.0496333333333,-0.0202912621359,-0.0897569444444,-0.129289617486,-0.0817616580311,-0.117991967871,-0.0830115830116
2,F1,2016,9,all_features,0.01,255,4,1,0.38,0.7,0.4,multi:softprob,1,0.38,1.02208615709,0.495145631068,0.474576271186,0.0,0.504032258065,0.33734939759,0.0,0.856164383562,0.394366197183,0.0,0.634517766497,-0.0722977346278,0.0958928571429,-0.0761129568106,-0.179411764706,-0.160518134715,-0.100517928287,-0.0881712062257
