,league,season,historical_training_year,features,learning_rate,n_estimators,max_depth,min_child_weight,gamma,subsample,colsample_bytree,objective,scale_pos_weight,reg_alpha,ll,acc,prec_A,prec_D,prec_H,rec_A,rec_D,rec_H,f1_A,f1_D,f1_H,bet_all,bet_lte_19,bet_lte_4,bet_btw_19_4,bet_btw_19_5,bet_btw_15_4,bet_btw_15_5
0,F1,2014,9,all_features,0.01,120,4,7,0.61,0.73,0.55,multi:softprob,1,0.56,1.04667182247,0.493333333333,0.48275862069,0.25,0.498127340824,0.159090909091,0.0144927536232,0.93006993007,0.239316239316,0.027397260274,0.648780487805,0.0467666666667,0.0507446808511,0.0298936170213,0.0304301075269,0.0298453608247,0.0262962962963,0.0259760956175
1,F1,2015,9,all_features,0.01,120,4,7,0.61,0.73,0.55,multi:softprob,1,0.56,1.06627199531,0.47,0.512820512821,0.5,0.46332046332,0.229885057471,0.0117647058824,0.9375,0.31746031746,0.0229885057471,0.62015503876,-0.036,-0.0297115384615,-0.0643944636678,-0.084262295082,-0.0556770833333,-0.08856,-0.0672200772201
2,F1,2016,9,all_features,0.01,120,4,7,0.61,0.73,0.55,multi:softprob,1,0.56,1.03600091572,0.504854368932,0.490909090909,0.0,0.507874015748,0.325301204819,0.0,0.883561643836,0.391304347826,0.0,0.645,-0.0382524271845,0.115818181818,-0.0508695652174,-0.148930481283,-0.110618556701,-0.0704016064257,-0.043515625
