,league,season,historical_training_year,features,learning_rate,n_estimators,max_depth,min_child_weight,gamma,subsample,colsample_bytree,objective,scale_pos_weight,reg_alpha,ll,acc,prec_A,prec_D,prec_H,rec_A,rec_D,rec_H,f1_A,f1_D,f1_H,bet_all,bet_lte_19,bet_lte_4,bet_btw_19_4,bet_btw_19_5,bet_btw_15_4,bet_btw_15_5
0,F1,2014,9,all_features,0.01,255,4,1,0.27,0.76,0.52,multi:softprob,1,0.29,1.02934194992,0.496666666667,0.5,0.142857142857,0.505928853755,0.227272727273,0.0144927536232,0.895104895105,0.3125,0.0263157894737,0.646464646465,0.0197666666667,0.0319587628866,0.0376306620209,0.0470588235294,0.0566321243523,0.0425714285714,0.0500398406375
1,F1,2015,9,all_features,0.01,255,4,1,0.27,0.76,0.52,multi:softprob,1,0.29,1.05843703498,0.483333333333,0.530612244898,0.5,0.473469387755,0.298850574713,0.0352941176471,0.90625,0.382352941176,0.0659340659341,0.621983914209,0.00606666666667,-0.0202912621359,-0.0317361111111,-0.0379781420765,0.00481865284974,-0.0508835341365,-0.0184942084942
2,F1,2016,9,all_features,0.01,255,4,1,0.27,0.76,0.52,multi:softprob,1,0.29,1.0229186813,0.501618122977,0.469696969697,0.0,0.514522821577,0.373493975904,0.0,0.849315068493,0.41610738255,0.0,0.640826873385,-0.042071197411,0.0994545454545,-0.0548160535117,-0.145614973262,-0.112,-0.075140562249,-0.0518287937743
