,league,season,historical_training_year,features,learning_rate,n_estimators,max_depth,min_child_weight,gamma,subsample,colsample_bytree,objective,scale_pos_weight,reg_alpha,ll,acc,prec_A,prec_D,prec_H,rec_A,rec_D,rec_H,f1_A,f1_D,f1_H,bet_all,bet_lte_19,bet_lte_4,bet_btw_19_4,bet_btw_19_5,bet_btw_15_4,bet_btw_15_5
0,F1,2014,9,all_features,0.01,185,4,7,0.75,0.79,0.55,multi:softprob,1,0.4,1.03479606668,0.49,0.5,0.0,0.496183206107,0.193181818182,0.0,0.909090909091,0.27868852459,0.0,0.641975308642,0.0208,0.0427083333333,0.0301418439716,0.0347826086957,0.0235567010309,0.0295850622407,0.0211155378486
1,F1,2015,9,all_features,0.01,185,4,7,0.75,0.79,0.55,multi:softprob,1,0.4,1.06036447376,0.47,0.520833333333,0.333333333333,0.461847389558,0.287356321839,0.0117647058824,0.8984375,0.37037037037,0.0227272727273,0.610079575597,-0.0394333333333,-0.0297115384615,-0.0653979238754,-0.0858469945355,-0.0610416666667,-0.08972,-0.0711969111969
2,F1,2016,9,all_features,0.01,185,4,7,0.75,0.79,0.55,multi:softprob,1,0.4,1.02635838414,0.508090614887,0.509090909091,0.0,0.509881422925,0.33734939759,0.0,0.883561643836,0.405797101449,0.0,0.646616541353,-0.0336569579288,0.115818181818,-0.0461204013378,-0.141336898396,-0.103298969072,-0.0646987951807,-0.03796875
