,league,season,C,penalty,class_weight,solver,max_iter,multi_class,ll,acc,prec_A,prec_D,prec_H,rec_A,rec_D,rec_H,f1_A,f1_D,f1_H,bet_all,bet_lte_19,bet_lte_4,bet_btw_19_4,bet_btw_19_5,bet_btw_15_4,bet_btw_15_5
0,E0,2014,8.291,l2,,sag,270,multinomial,0.990185198994,0.524137931034,0.486111111111,0.0,0.536697247706,0.393258426966,0.0,0.860294117647,0.434782608696,0.0,0.661016949153,0.0278965517241,0.0494736842105,0.00696428571429,-0.0312413793103,-0.0348,-0.0105909090909,-0.0134222222222
1,E0,2015,8.291,l2,,sag,270,multinomial,1.04622076007,0.443223443223,0.364583333333,0.0,0.485875706215,0.460526315789,0.0,0.716666666667,0.406976744186,0.0,0.579124579125,-0.141355311355,-0.0717948717949,-0.101877394636,-0.126319444444,-0.177712418301,-0.094331797235,-0.130398230088
2,E0,2016,8.291,l2,,sag,270,multinomial,0.927653439118,0.589285714286,0.489130434783,0.0,0.63829787234,0.584415584416,0.0,0.827586206897,0.532544378698,0.0,0.720720720721,0.0713928571429,0.0548299319728,0.0671268656716,0.07525,0.0610769230769,0.115051546392,0.104068627451
