,league,season,C,penalty,class_weight,solver,max_iter,multi_class,ll,acc,prec_A,prec_D,prec_H,rec_A,rec_D,rec_H,f1_A,f1_D,f1_H,bet_all,bet_lte_19,bet_lte_4,bet_btw_19_4,bet_btw_19_5,bet_btw_15_4,bet_btw_15_5
0,E0,2014,8.291,l2,,sag,270,multinomial,0.989569980924,0.527586206897,0.481481481481,0.0,0.545454545455,0.438202247191,0.0,0.838235294118,0.458823529412,0.0,0.660869565217,0.0259655172414,0.0471111111111,0.0162411347518,-0.0115862068966,-0.00919463087248,0.00135135135135,0.00269911504425
1,E0,2015,8.291,l2,,sag,270,multinomial,1.04370722794,0.465201465201,0.382978723404,0.0,0.508379888268,0.473684210526,0.0,0.758333333333,0.423529411765,0.0,0.608695652174,-0.0837362637363,-0.0796610169492,-0.0609160305344,-0.0455555555556,-0.0688157894737,-0.0451376146789,-0.060796460177
2,E0,2016,8.291,l2,,sag,270,multinomial,0.931236565021,0.582142857143,0.473684210526,0.0,0.637837837838,0.584415584416,0.0,0.813793103448,0.523255813953,0.0,0.715151515152,0.0491428571429,0.0548299319728,0.0438805970149,0.0233333333333,0.0131538461538,0.0829381443299,0.0735294117647
