,league,season,historical_training_year,features,learning_rate,n_estimators,max_depth,min_child_weight,gamma,subsample,colsample_bytree,objective,scale_pos_weight,reg_alpha,ll,acc,prec_A,prec_D,prec_H,rec_A,rec_D,rec_H,f1_A,f1_D,f1_H,bet_all,bet_lte_19,bet_lte_4,bet_btw_19_4,bet_btw_19_5,bet_btw_15_4,bet_btw_15_5
0,F1,2014,9,all_features,0.01,120,4,7,0.72,0.73,0.49,multi:softprob,1,0.41,1.0409305644,0.516666666667,0.59375,0.333333333333,0.511450381679,0.215909090909,0.0289855072464,0.937062937063,0.316666666667,0.0533333333333,0.661728395062,0.0946666666667,0.0591666666667,0.0893286219081,0.106486486486,0.11241025641,0.0988016528926,0.10369047619
1,F1,2015,9,all_features,0.01,120,4,7,0.72,0.73,0.49,multi:softprob,1,0.41,1.05671937644,0.466666666667,0.510638297872,0.0,0.460317460317,0.275862068966,0.0,0.90625,0.358208955224,0.0,0.610526315789,-0.0637,-0.0569158878505,-0.0857191780822,-0.102950819672,-0.0894736842105,-0.112885375494,-0.102769230769
2,F1,2016,9,all_features,0.01,120,4,7,0.72,0.73,0.49,multi:softprob,1,0.41,1.02794399018,0.514563106796,0.526315789474,0.333333333333,0.5140562249,0.361445783133,0.0125,0.876712328767,0.428571428571,0.0240963855422,0.648101265823,0.00252427184466,0.130636363636,-0.0270666666667,-0.119095744681,-0.0589230769231,-0.04176,0.00178988326848
