,league,season,historical_training_year,features,learning_rate,n_estimators,max_depth,min_child_weight,gamma,subsample,colsample_bytree,objective,scale_pos_weight,reg_alpha,ll,acc,prec_A,prec_D,prec_H,rec_A,rec_D,rec_H,f1_A,f1_D,f1_H,bet_all,bet_lte_19,bet_lte_4,bet_btw_19_4,bet_btw_19_5,bet_btw_15_4,bet_btw_15_5
0,I1,2014,9,all_features,0.01,160,8,7,0.28,0.8,0.6,multi:softprob,1,0.87,1.05166472928,0.481818181818,0.479452054795,1.0,0.472222222222,0.388888888889,0.047619047619,0.881481481481,0.429447852761,0.0909090909091,0.614987080103,-0.0118484848485,-0.105785714286,-0.0334055727554,0.0275824175824,0.062962962963,0.00954372623574,0.0347777777778
1,I1,2015,9,all_features,0.01,160,8,7,0.28,0.8,0.6,multi:softprob,1,0.87,1.0163412842,0.521875,0.513513513514,0.3,0.544247787611,0.408602150538,0.0722891566265,0.854166666667,0.455089820359,0.116504854369,0.664864864865,0.04040625,0.0185507246377,0.0214705882353,0.018622754491,0.0659537572254,0.025306122449,0.0577689243028
2,I1,2016,9,all_features,0.01,160,8,7,0.28,0.8,0.6,multi:softprob,1,0.87,0.999613249506,0.548286604361,0.540540540541,0.5,0.552742616034,0.39603960396,0.0735294117647,0.861842105263,0.457142857143,0.128205128205,0.6735218509,0.00355140186916,0.0612790697674,0.00323529411765,-0.0712686567164,-0.057676056338,-0.0212328767123,-0.0144933920705
