,league,season,historical_training_year,features,learning_rate,n_estimators,max_depth,min_child_weight,gamma,subsample,colsample_bytree,objective,scale_pos_weight,reg_alpha,ll,acc,prec_A,prec_D,prec_H,rec_A,rec_D,rec_H,f1_A,f1_D,f1_H,bet_all,bet_lte_19,bet_lte_4,bet_btw_19_4,bet_btw_19_5,bet_btw_15_4,bet_btw_15_5
0,I1,2014,9,all_features,0.01,160,8,7,0.28,0.8,0.6,multi:softprob,1,0.87,1.05313878394,0.457575757576,0.450704225352,0.333333333333,0.464,0.355555555556,0.0285714285714,0.859259259259,0.39751552795,0.0526315789474,0.602597402597,-0.103121212121,-0.123986013986,-0.102276923077,-0.0801657458564,-0.0822580645161,-0.0717424242424,-0.0733457249071
1,I1,2015,9,all_features,0.01,160,8,7,0.28,0.8,0.6,multi:softprob,1,0.87,1.01751230694,0.515625,0.567164179104,0.227272727273,0.528138528139,0.408602150538,0.0602409638554,0.847222222222,0.475,0.0952380952381,0.650666666667,-0.01678125,0.0168275862069,-0.00753205128205,-0.0284242424242,-0.0219526627219,-0.00688,-0.00291338582677
2,I1,2016,9,all_features,0.01,160,8,7,0.28,0.8,0.6,multi:softprob,1,0.87,0.986335695161,0.557632398754,0.578313253012,0.1875,0.576576576577,0.475247524752,0.0441176470588,0.842105263158,0.521739130435,0.0714285714286,0.68449197861,-0.0145171339564,0.0526666666667,-0.0200641025641,-0.112519083969,-0.103185185185,-0.0528888888889,-0.0484279475983
