,league,season,historical_training_year,features,learning_rate,n_estimators,max_depth,min_child_weight,gamma,subsample,colsample_bytree,objective,scale_pos_weight,reg_alpha,ll,acc,prec_A,prec_D,prec_H,rec_A,rec_D,rec_H,f1_A,f1_D,f1_H,bet_all,bet_lte_19,bet_lte_4,bet_btw_19_4,bet_btw_19_5,bet_btw_15_4,bet_btw_15_5
0,E1,2014,9,all_features,0.01,160,8,7,0.28,0.8,0.6,multi:softprob,1,0.87,1.07435974239,0.427586206897,0.419047619048,0.333333333333,0.43119266055,0.328358208955,0.00806451612903,0.796610169492,0.36820083682,0.0157480314961,0.559523809524,-0.0988045977011,0.0342748091603,-0.0955841121495,-0.154266211604,-0.151912751678,-0.109402985075,-0.108230958231
1,E1,2015,9,all_features,0.01,160,8,7,0.28,0.8,0.6,multi:softprob,1,0.87,1.08271812104,0.423423423423,0.333333333333,0.285714285714,0.451612903226,0.266666666667,0.0149253731343,0.810526315789,0.296296296296,0.0283687943262,0.580037664783,-0.0751801801802,0.0174336283186,-0.0867749419954,-0.128019169329,-0.102321981424,-0.092572815534,-0.0737440758294
2,E1,2016,9,all_features,0.01,160,8,7,0.28,0.8,0.6,multi:softprob,1,0.87,1.05743383106,0.490740740741,0.435897435897,0.230769230769,0.513196480938,0.265625,0.030612244898,0.849514563107,0.330097087379,0.0540540540541,0.639853747715,0.0725694444444,0.0677868852459,0.0562441314554,0.0501337792642,0.0769078947368,0.0496240601504,0.0697772277228
