,league,season,historical_training_year,features,learning_rate,n_estimators,max_depth,min_child_weight,gamma,subsample,colsample_bytree,objective,scale_pos_weight,reg_alpha,ll,acc,prec_A,prec_D,prec_H,rec_A,rec_D,rec_H,f1_A,f1_D,f1_H,bet_all,bet_lte_19,bet_lte_4,bet_btw_19_4,bet_btw_19_5,bet_btw_15_4,bet_btw_15_5
0,D1,2014,9,all_features,0.01,200,4,1,0.41,0.76,0.4,multi:softprob,1,0.46,1.00789902067,0.535714285714,0.549019607843,0.0,0.53488372093,0.451612903226,0.0,0.859813084112,0.495575221239,0.0,0.659498207885,0.0479464285714,-0.0882978723404,0.0210909090909,0.11152,0.127165354331,0.0381609195402,0.0502840909091
1,D1,2015,9,all_features,0.01,200,4,1,0.41,0.76,0.4,multi:softprob,1,0.46,1.01938190571,0.478468899522,0.397058823529,0.0,0.525179856115,0.435483870968,0.0,0.760416666667,0.415384615385,0.0,0.621276595745,-0.101291866029,-0.017380952381,-0.083756097561,-0.129834710744,-0.15768,-0.0888198757764,-0.110909090909
2,D1,2016,9,all_features,0.01,200,4,1,0.41,0.76,0.4,multi:softprob,1,0.46,1.01321381463,0.515555555556,0.442307692308,0.0,0.543859649123,0.370967741935,0.0,0.853211009174,0.40350877193,0.0,0.664285714286,-0.0016,-0.0363917525773,0.00735426008969,0.0410317460317,0.024765625,0.0351396648045,0.0237016574586
