,league,season,historical_training_year,features,learning_rate,n_estimators,max_depth,min_child_weight,gamma,subsample,colsample_bytree,objective,scale_pos_weight,reg_alpha,ll,acc,prec_A,prec_D,prec_H,rec_A,rec_D,rec_H,f1_A,f1_D,f1_H,bet_all,bet_lte_19,bet_lte_4,bet_btw_19_4,bet_btw_19_5,bet_btw_15_4,bet_btw_15_5
0,E0,2014,9,all_features,0.01,160,8,7,0.28,0.8,0.6,multi:softprob,1,0.87,1.0085976487,0.51875,0.51724137931,0.0,0.519083969466,0.3125,0.0,0.894736842105,0.38961038961,0.0,0.657004830918,0.00846875,0.0397297297297,-0.000588235294118,-0.0441830065359,-0.0744303797468,-0.01775,-0.0377959183673
1,E0,2015,9,all_features,0.01,160,8,7,0.28,0.8,0.6,multi:softprob,1,0.87,1.05005734294,0.470967741935,0.418604651163,0.333333333333,0.497674418605,0.4,0.0344827586207,0.804511278195,0.409090909091,0.0625,0.614942528736,-0.0141612903226,-0.0287704918033,-0.0400677966102,-0.0480346820809,-0.0478571428571,-0.0336032388664,-0.033984375
2,E0,2016,9,all_features,0.01,160,8,7,0.28,0.8,0.6,multi:softprob,1,0.87,0.980321767655,0.570532915361,0.522727272727,0.0,0.601769911504,0.528735632184,0.0,0.85,0.525714285714,0.0,0.704663212435,0.0312852664577,0.0490419161677,0.025993485342,-0.00798561151079,-0.00136054421769,0.0596832579186,0.0615720524017
