,league,season,historical_training_year,features,learning_rate,n_estimators,max_depth,min_child_weight,gamma,subsample,colsample_bytree,objective,scale_pos_weight,reg_alpha,ll,acc,prec_A,prec_D,prec_H,rec_A,rec_D,rec_H,f1_A,f1_D,f1_H,bet_all,bet_lte_19,bet_lte_4,bet_btw_19_4,bet_btw_19_5,bet_btw_15_4,bet_btw_15_5
0,E1,2014,9,all_features,0.01,160,8,7,0.28,0.8,0.6,multi:softprob,1,0.87,1.07233377106,0.416091954023,0.377952755906,0.25,0.434210526316,0.358208955224,0.00806451612903,0.745762711864,0.367816091954,0.015625,0.548856548857,-0.132666666667,0.0454961832061,-0.134046511628,-0.212244897959,-0.206275167785,-0.150272277228,-0.146519607843
1,E1,2015,9,all_features,0.01,160,8,7,0.28,0.8,0.6,multi:softprob,1,0.87,1.07755325332,0.414414414414,0.344086021505,0.4,0.434523809524,0.266666666667,0.044776119403,0.768421052632,0.300469483568,0.0805369127517,0.555133079848,-0.107567567568,0.0104273504274,-0.101490825688,-0.147038216561,-0.151651090343,-0.105745192308,-0.109929078014
2,E1,2016,9,all_features,0.01,160,8,7,0.28,0.8,0.6,multi:softprob,1,0.87,1.0510999301,0.490740740741,0.41095890411,0.368421052632,0.514705882353,0.234375,0.0714285714286,0.849514563107,0.298507462687,0.119658119658,0.641025641026,0.0533564814815,0.0961475409836,0.0492705882353,0.0285570469799,0.0416501650165,0.0423366834171,0.0520099255583
