,league,season,historical_training_year,features,learning_rate,n_estimators,max_depth,min_child_weight,gamma,subsample,colsample_bytree,objective,scale_pos_weight,reg_alpha,ll,acc,prec_A,prec_D,prec_H,rec_A,rec_D,rec_H,f1_A,f1_D,f1_H,bet_all,bet_lte_19,bet_lte_4,bet_btw_19_4,bet_btw_19_5,bet_btw_15_4,bet_btw_15_5
0,F1,2014,9,all_features,0.01,120,4,7,0.72,0.73,0.49,multi:softprob,1,0.41,1.04545718153,0.493333333333,0.52,0.25,0.494464944649,0.147727272727,0.0144927536232,0.937062937063,0.230088495575,0.027397260274,0.647342995169,0.0507333333333,0.0507446808511,0.0339716312057,0.0366129032258,0.0359793814433,0.0310288065844,0.0307171314741
1,F1,2015,9,all_features,0.01,120,4,7,0.72,0.73,0.49,multi:softprob,1,0.41,1.06632957439,0.476666666667,0.558823529412,1.0,0.464150943396,0.218390804598,0.0117647058824,0.9609375,0.314049586777,0.0232558139535,0.625954198473,-0.0146333333333,-0.0297115384615,-0.042214532872,-0.0492349726776,-0.0171727748691,-0.0666533864542,-0.042471042471
2,F1,2016,9,all_features,0.01,120,4,7,0.72,0.73,0.49,multi:softprob,1,0.41,1.03702230997,0.508090614887,0.518518518519,0.0,0.505882352941,0.33734939759,0.0,0.883561643836,0.408759124088,0.0,0.643391521197,-0.0289644012945,0.115818181818,-0.04127090301,-0.133582887701,-0.095824742268,-0.058875502008,-0.0323046875
