,league,season,historical_training_year,features,learning_rate,n_estimators,max_depth,min_child_weight,gamma,subsample,colsample_bytree,objective,scale_pos_weight,reg_alpha,ll,acc,prec_A,prec_D,prec_H,rec_A,rec_D,rec_H,f1_A,f1_D,f1_H,bet_all,bet_lte_19,bet_lte_4,bet_btw_19_4,bet_btw_19_5,bet_btw_15_4,bet_btw_15_5
0,I1,2014,9,all_features,0.01,160,8,7,0.28,0.8,0.6,multi:softprob,1,0.87,1.04584481445,0.439393939394,0.442857142857,0.2,0.448,0.344444444444,0.0190476190476,0.82962962963,0.3875,0.0347826086957,0.581818181818,-0.150515151515,-0.129785714286,-0.148456790123,-0.158087431694,-0.156914893617,-0.128517110266,-0.128246268657
1,I1,2015,9,all_features,0.01,160,8,7,0.28,0.8,0.6,multi:softprob,1,0.87,1.01772538554,0.5125,0.521739130435,0.3125,0.523404255319,0.387096774194,0.0602409638554,0.854166666667,0.444444444444,0.10101010101,0.64907651715,-0.0361875,0.00643835616438,-0.0114743589744,-0.0269512195122,-0.050119047619,-0.0118,-0.0273622047244
2,I1,2016,9,all_features,0.01,160,8,7,0.28,0.8,0.6,multi:softprob,1,0.87,0.983655914061,0.563862928349,0.604651162791,0.166666666667,0.58064516129,0.514851485149,0.0441176470588,0.828947368421,0.55614973262,0.0697674418605,0.682926829268,0.0148286604361,0.0557541899441,-0.00532051282051,-0.0806060606061,-0.0368382352941,-0.0341071428571,-0.00881578947368
