,league,season,historical_training_year,features,learning_rate,n_estimators,max_depth,min_child_weight,gamma,subsample,colsample_bytree,objective,scale_pos_weight,reg_alpha,ll,acc,prec_A,prec_D,prec_H,rec_A,rec_D,rec_H,f1_A,f1_D,f1_H,bet_all,bet_lte_19,bet_lte_4,bet_btw_19_4,bet_btw_19_5,bet_btw_15_4,bet_btw_15_5
0,E0,2014,9,all_features,0.01,160,8,7,0.28,0.8,0.6,multi:softprob,1,0.87,0.99435472982,0.546875,0.561643835616,0.0,0.542510121457,0.427083333333,0.0,0.881578947368,0.485207100592,0.0,0.671679197995,0.04865625,0.0202631578947,0.072783171521,0.123092105263,0.0993081761006,0.0757613168724,0.06196
1,E0,2015,9,all_features,0.01,160,8,7,0.28,0.8,0.6,multi:softprob,1,0.87,1.03629850072,0.490322580645,0.448275862069,0.75,0.502283105023,0.433333333333,0.0344827586207,0.827067669173,0.440677966102,0.0659340659341,0.625,0.00312903225806,-0.0409302325581,-0.0251495016611,-0.0133139534884,0.0023595505618,-0.0160079051383,-0.00517374517375
2,E0,2016,9,all_features,0.01,160,8,7,0.28,0.8,0.6,multi:softprob,1,0.87,0.967089920675,0.58934169279,0.555555555556,0.5,0.604444444444,0.574712643678,0.0277777777778,0.85,0.564971751412,0.0526315789474,0.706493506494,0.0627586206897,0.0326011560694,0.0796451612903,0.133455882353,0.108251748252,0.138565022422,0.122739130435
