,league,season,historical_training_year,features,learning_rate,n_estimators,max_depth,min_child_weight,gamma,subsample,colsample_bytree,objective,scale_pos_weight,reg_alpha,ll,acc,prec_A,prec_D,prec_H,rec_A,rec_D,rec_H,f1_A,f1_D,f1_H,bet_all,bet_lte_19,bet_lte_4,bet_btw_19_4,bet_btw_19_5,bet_btw_15_4,bet_btw_15_5
0,E0,2014,9,all_features,0.01,160,8,7,0.28,0.8,0.6,multi:softprob,1,0.87,0.997503732331,0.546875,0.542168674699,0.0,0.548523206751,0.46875,0.0,0.855263157895,0.502793296089,0.0,0.668380462725,0.03925,0.0296103896104,0.0693247588424,0.107236842105,0.0651898734177,0.0713469387755,0.0457370517928
1,E0,2015,9,all_features,0.01,160,8,7,0.28,0.8,0.6,multi:softprob,1,0.87,1.04408488793,0.483870967742,0.443181818182,0.5,0.5,0.433333333333,0.0114942528736,0.827067669173,0.438202247191,0.0224719101124,0.623229461756,-0.0231290322581,-0.0334375,-0.0458528428094,-0.0551461988304,-0.0433707865169,-0.0405976095618,-0.0328682170543
2,E0,2016,9,all_features,0.01,160,8,7,0.28,0.8,0.6,multi:softprob,1,0.87,0.965942844515,0.570532915361,0.515463917526,0.0,0.608294930876,0.574712643678,0.0,0.825,0.54347826087,0.0,0.700265251989,0.00971786833856,0.0388953488372,0.025064516129,0.00131386861314,-0.0104195804196,0.0626905829596,0.0537554585153
