,league,season,historical_training_year,features,learning_rate,n_estimators,max_depth,min_child_weight,gamma,subsample,colsample_bytree,objective,scale_pos_weight,reg_alpha,ll,acc,prec_A,prec_D,prec_H,rec_A,rec_D,rec_H,f1_A,f1_D,f1_H,bet_all,bet_lte_19,bet_lte_4,bet_btw_19_4,bet_btw_19_5,bet_btw_15_4,bet_btw_15_5
0,E1,2014,9,all_features,0.01,160,8,7,0.28,0.8,0.6,multi:softprob,1,0.87,1.06782304569,0.436781609195,0.432692307692,0.333333333333,0.44,0.335820895522,0.0161290322581,0.80790960452,0.378151260504,0.0307692307692,0.569721115538,-0.0877701149425,0.0572180451128,-0.0928472222222,-0.158231292517,-0.147263513514,-0.106354679803,-0.0986519607843
1,E1,2015,9,all_features,0.01,160,8,7,0.28,0.8,0.6,multi:softprob,1,0.87,1.08294383779,0.418918918919,0.341463414634,0.0,0.447592067989,0.233333333333,0.0,0.831578947368,0.277227722772,0.0,0.581952117864,-0.089009009009,-0.000925925925926,-0.0846370023419,-0.117006369427,-0.125902140673,-0.0899264705882,-0.0976722090261
2,E1,2016,9,all_features,0.01,160,8,7,0.28,0.8,0.6,multi:softprob,1,0.87,1.05767049033,0.49537037037,0.486842105263,0.259259259259,0.516717325228,0.2890625,0.0714285714286,0.825242718447,0.362745098039,0.112,0.635514018692,0.108287037037,0.070350877193,0.113373205742,0.1319,0.131282051282,0.112366412214,0.112469135802
