,league,season,historical_training_year,features,learning_rate,n_estimators,max_depth,min_child_weight,gamma,subsample,colsample_bytree,objective,scale_pos_weight,reg_alpha,ll,acc,prec_A,prec_D,prec_H,rec_A,rec_D,rec_H,f1_A,f1_D,f1_H,bet_all,bet_lte_19,bet_lte_4,bet_btw_19_4,bet_btw_19_5,bet_btw_15_4,bet_btw_15_5
0,D1,2014,9,all_features,0.01,200,4,1,0.41,0.76,0.4,multi:softprob,1,0.46,1.01363305761,0.526785714286,0.5,0.0,0.538461538462,0.435483870968,0.0,0.85046728972,0.465517241379,0.0,0.659420289855,0.0197321428571,-0.0961538461538,-0.00310502283105,0.0714173228346,0.0790769230769,0.00763005780347,0.014375
1,D1,2015,9,all_features,0.01,200,4,1,0.41,0.76,0.4,multi:softprob,1,0.46,1.01605823736,0.507177033493,0.440677966102,0.25,0.541095890411,0.41935483871,0.0196078431373,0.822916666667,0.429752066116,0.0363636363636,0.652892561983,-0.0415311004785,-0.0289411764706,-0.027572815534,-0.0266115702479,-0.0501612903226,-0.0173456790123,-0.0352121212121
2,D1,2016,9,all_features,0.01,200,4,1,0.41,0.76,0.4,multi:softprob,1,0.46,1.01994660947,0.511111111111,0.442307692308,0.0,0.538011695906,0.370967741935,0.0,0.844036697248,0.40350877193,0.0,0.657142857143,-0.00311111111111,-0.0263541666667,-0.00254545454545,0.0158870967742,0.030157480315,0.0174576271186,0.0275
