,league,season,historical_training_year,features,learning_rate,n_estimators,max_depth,min_child_weight,gamma,subsample,colsample_bytree,objective,scale_pos_weight,reg_alpha,ll,acc,prec_A,prec_D,prec_H,rec_A,rec_D,rec_H,f1_A,f1_D,f1_H,bet_all,bet_lte_19,bet_lte_4,bet_btw_19_4,bet_btw_19_5,bet_btw_15_4,bet_btw_15_5
0,F1,2014,9,all_features,0.01,120,4,7,0.72,0.73,0.49,multi:softprob,1,0.41,1.03805299362,0.516666666667,0.588235294118,0.0,0.509433962264,0.227272727273,0.0,0.944055944056,0.327868852459,0.0,0.661764705882,0.0911333333333,0.0518947368421,0.0933096085409,0.122349726776,0.115948717949,0.103541666667,0.0994841269841
1,F1,2015,9,all_features,0.01,120,4,7,0.72,0.73,0.49,multi:softprob,1,0.41,1.05505387604,0.46,0.52380952381,0.0,0.453125,0.252873563218,0.0,0.90625,0.341085271318,0.0,0.604166666667,-0.0807333333333,-0.0569158878505,-0.103219178082,-0.13087431694,-0.111693121693,-0.133083003953,-0.119034749035
2,F1,2016,9,all_features,0.01,120,4,7,0.72,0.73,0.49,multi:softprob,1,0.41,1.02684340006,0.517799352751,0.508196721311,0.0,0.520161290323,0.373493975904,0.0,0.883561643836,0.430555555556,0.0,0.654822335025,0.00288025889968,0.12018018018,-0.0106333333333,-0.0878609625668,-0.0533505154639,-0.02204,0.00221789883268
