,league,season,historical_training_year,features,learning_rate,n_estimators,max_depth,min_child_weight,gamma,subsample,colsample_bytree,objective,scale_pos_weight,reg_alpha,ll,acc,prec_A,prec_D,prec_H,rec_A,rec_D,rec_H,f1_A,f1_D,f1_H,bet_all,bet_lte_19,bet_lte_4,bet_btw_19_4,bet_btw_19_5,bet_btw_15_4,bet_btw_15_5
0,F1,2014,9,all_features,0.01,120,4,7,0.72,0.73,0.49,multi:softprob,1,0.41,1.04517190377,0.496666666667,0.565217391304,0.0,0.494545454545,0.147727272727,0.0,0.951048951049,0.234234234234,0.0,0.650717703349,0.0589666666667,0.0507446808511,0.0430215827338,0.0504945054945,0.0433333333333,0.0415062761506,0.0364285714286
1,F1,2015,9,all_features,0.01,120,4,7,0.72,0.73,0.49,multi:softprob,1,0.41,1.06600823502,0.463333333333,0.5,0.0,0.461538461538,0.218390804598,0.0,0.9375,0.304,0.0,0.618556701031,-0.0505333333333,-0.0346601941748,-0.0762847222222,-0.1,-0.0754922279793,-0.10008,-0.0818846153846
2,F1,2016,9,all_features,0.01,120,4,7,0.72,0.73,0.49,multi:softprob,1,0.41,1.03692551049,0.514563106796,0.5,1.0,0.516,0.349397590361,0.0125,0.883561643836,0.41134751773,0.0246913580247,0.651515151515,-0.00734627831715,0.109266055046,0.000536912751678,-0.0622994652406,-0.0519587628866,-0.00870967741935,-0.0023137254902
