,league,season,historical_training_year,features,learning_rate,n_estimators,max_depth,min_child_weight,gamma,subsample,colsample_bytree,objective,scale_pos_weight,reg_alpha,ll,acc,prec_A,prec_D,prec_H,rec_A,rec_D,rec_H,f1_A,f1_D,f1_H,bet_all,bet_lte_19,bet_lte_4,bet_btw_19_4,bet_btw_19_5,bet_btw_15_4,bet_btw_15_5
0,E1,2014,9,all_features,0.01,160,8,7,0.28,0.8,0.6,multi:softprob,1,0.87,1.06919246501,0.422988505747,0.380165289256,0.0,0.443729903537,0.34328358209,0.0,0.779661016949,0.360784313725,0.0,0.565573770492,-0.112459770115,0.0469402985075,-0.117708333333,-0.190921501706,-0.182466216216,-0.132807881773,-0.127114914425
1,E1,2015,9,all_features,0.01,160,8,7,0.28,0.8,0.6,multi:softprob,1,0.87,1.0782793861,0.400900900901,0.337209302326,0.25,0.423976608187,0.241666666667,0.0298507462687,0.763157894737,0.281553398058,0.0533333333333,0.545112781955,-0.136171171171,-0.0272033898305,-0.132608695652,-0.176560509554,-0.17539184953,-0.138345323741,-0.137914691943
2,E1,2016,9,all_features,0.01,160,8,7,0.28,0.8,0.6,multi:softprob,1,0.87,1.05408287628,0.486111111111,0.433734939759,0.285714285714,0.512195121951,0.28125,0.0612244897959,0.815533980583,0.341232227488,0.100840336134,0.629213483146,0.0509259259259,0.0761290322581,0.0489277389277,0.0361666666667,0.0391419141914,0.042039800995,0.0442222222222
