,league,season,historical_training_year,features,hidden_layer_sizes,activation,solver,alpha,max_iter,ll,acc,prec_A,prec_D,prec_H,rec_A,rec_D,rec_H,f1_A,f1_D,f1_H,bet_all,bet_lte_19,bet_lte_4,bet_btw_19_4,bet_btw_19_5,bet_btw_15_4,bet_btw_15_5
0,F1,2014,7,best_features_MLP,"(170,)",logistic,sgd,1.3,150,1.02803265904,0.496666666667,0.467741935484,0.0,0.504201680672,0.329545454545,0.0,0.839160839161,0.386666666667,0.0,0.629921259843,0.0045,0.0472,0.018125,0.00380434782609,0.00958115183246,0.0165163934426,0.0205577689243
1,F1,2015,7,best_features_MLP,"(170,)",logistic,sgd,1.3,150,1.04673168514,0.476666666667,0.447368421053,0.0,0.486607142857,0.390804597701,0.0,0.8515625,0.41717791411,0.0,0.619318181818,-0.0213,-0.0616346153846,-0.032214532872,-0.0153005464481,-0.0102617801047,-0.05136,-0.046511627907
2,F1,2016,7,best_features_MLP,"(170,)",logistic,sgd,1.3,150,1.01313445808,0.517799352751,0.51724137931,0.0,0.52,0.361445783133,0.0,0.890410958904,0.425531914894,0.0,0.656565656566,-0.00242718446602,0.126785714286,-0.0279401993355,-0.120374331551,-0.0986458333333,-0.0465476190476,-0.0317509727626
