,league,season,historical_training_year,features,hidden_layer_sizes,activation,solver,alpha,max_iter,ll,acc,prec_A,prec_D,prec_H,rec_A,rec_D,rec_H,f1_A,f1_D,f1_H,bet_all,bet_lte_19,bet_lte_4,bet_btw_19_4,bet_btw_19_5,bet_btw_15_4,bet_btw_15_5
0,F1,2014,7,best_features_MLP,"(30,)",logistic,sgd,0.2,170,1.02934286036,0.493333333333,0.5,0.0,0.504032258065,0.261363636364,0.0,0.874125874126,0.34328358209,0.0,0.639386189258,0.0338666666667,0.0657731958763,-0.0016724738676,-0.0358064516129,-0.0233854166667,-0.0135365853659,-0.00460317460317
1,F1,2015,7,best_features_MLP,"(30,)",logistic,sgd,0.2,170,1.04904311196,0.463333333333,0.438596491228,0.0,0.473029045643,0.287356321839,0.0,0.890625,0.347222222222,0.0,0.617886178862,-0.0528333333333,-0.0569230769231,-0.0649480968858,-0.0696721311475,-0.0672395833333,-0.0848015873016,-0.0824904214559
2,F1,2016,7,best_features_MLP,"(30,)",logistic,sgd,0.2,170,1.01255777977,0.52427184466,0.577777777778,1.0,0.511450381679,0.313253012048,0.025,0.917808219178,0.40625,0.0487804878049,0.656862745098,0.0319741100324,0.130550458716,0.00238255033557,-0.0717647058824,-0.0278125,-0.0104819277108,0.0215354330709
