,league,season,historical_training_year,features,hidden_layer_sizes,activation,solver,alpha,max_iter,ll,acc,prec_A,prec_D,prec_H,rec_A,rec_D,rec_H,f1_A,f1_D,f1_H,bet_all,bet_lte_19,bet_lte_4,bet_btw_19_4,bet_btw_19_5,bet_btw_15_4,bet_btw_15_5
0,F1,2014,7,best_features_MLP,"(180,)",logistic,sgd,1.6,260,1.03126071652,0.483333333333,0.4375,0.0,0.492063492063,0.238636363636,0.0,0.867132867133,0.308823529412,0.0,0.627848101266,-0.03,0.0365306122449,-0.0110839160839,-0.035597826087,-0.0332291666667,-0.0165432098765,-0.0153386454183
1,F1,2015,7,best_features_MLP,"(180,)",logistic,sgd,1.6,260,1.04808513952,0.473333333333,0.462686567164,0.0,0.476394849785,0.35632183908,0.0,0.8671875,0.402597402597,0.0,0.614958448753,-0.0320666666667,-0.0616346153846,-0.0433910034602,-0.0329508196721,-0.0271727748691,-0.06428,-0.0590310077519
2,F1,2016,7,best_features_MLP,"(180,)",logistic,sgd,1.6,260,1.01087928407,0.511326860841,0.492063492063,0.0,0.520491803279,0.373493975904,0.0,0.869863013699,0.424657534247,0.0,0.651282051282,-0.0107766990291,0.113818181818,-0.0300668896321,-0.11449197861,-0.102268041237,-0.04924,-0.0417898832685
