,league,season,historical_training_year,features,learning_rate,n_estimators,max_depth,min_child_weight,gamma,subsample,colsample_bytree,objective,scale_pos_weight,reg_alpha,ll,acc,prec_A,prec_D,prec_H,rec_A,rec_D,rec_H,f1_A,f1_D,f1_H,bet_all,bet_lte_19,bet_lte_4,bet_btw_19_4,bet_btw_19_5,bet_btw_15_4,bet_btw_15_5
0,D1,2014,9,all_features,0.01,160,8,7,0.28,0.8,0.6,multi:softprob,1,0.87,1.01723312019,0.5,0.409836065574,0.25,0.534759358289,0.367647058824,0.016393442623,0.813008130081,0.387596899225,0.0307692307692,0.645161290323,-0.0199206349206,-0.0923300970874,-0.0476229508197,-0.00792857142857,0.0109589041096,-0.0280310880829,-0.013567839196
1,D1,2015,9,all_features,0.01,160,8,7,0.28,0.8,0.6,multi:softprob,1,0.87,1.02557121653,0.481481481481,0.430555555556,0.166666666667,0.515151515152,0.407894736842,0.0172413793103,0.779816513761,0.418918918919,0.03125,0.620437956204,-0.0791769547325,-0.0356565656566,-0.0598319327731,-0.0770503597122,-0.102867132867,-0.057486631016,-0.0772251308901
2,D1,2016,9,all_features,0.01,160,8,7,0.28,0.8,0.6,multi:softprob,1,0.87,1.04460014919,0.480769230769,0.409090909091,0.142857142857,0.51871657754,0.385714285714,0.015625,0.769841269841,0.397058823529,0.0281690140845,0.619808306709,-0.0575384615385,-0.0885454545455,-0.0237450199203,0.0268085106383,-0.00835616438356,-0.00848780487805,-0.0320952380952
