,league,season,historical_training_year,features,learning_rate,n_estimators,max_depth,min_child_weight,gamma,subsample,colsample_bytree,objective,scale_pos_weight,reg_alpha,ll,acc,prec_A,prec_D,prec_H,rec_A,rec_D,rec_H,f1_A,f1_D,f1_H,bet_all,bet_lte_19,bet_lte_4,bet_btw_19_4,bet_btw_19_5,bet_btw_15_4,bet_btw_15_5
0,D1,2014,9,all_features,0.01,250,4,1,0.52,0.8,0.6,multi:softprob,1,0.51,1.00842563394,0.519841269841,0.438596491228,0.0,0.54358974359,0.367647058824,0.0,0.861788617886,0.4,0.0,0.666666666667,0.0320238095238,-0.0866666666667,-0.0130452674897,0.0476428571429,0.0642465753425,0.0135602094241,0.0269035532995
1,D1,2015,9,all_features,0.01,250,4,1,0.52,0.8,0.6,multi:softprob,1,0.51,1.01457651334,0.477366255144,0.439393939394,0.166666666667,0.502923976608,0.381578947368,0.0172413793103,0.788990825688,0.408450704225,0.03125,0.614285714286,-0.0948559670782,-0.0356565656566,-0.0758403361345,-0.104460431655,-0.12951048951,-0.0778609625668,-0.0971727748691
2,D1,2016,9,all_features,0.01,250,4,1,0.52,0.8,0.6,multi:softprob,1,0.51,1.03951605707,0.496153846154,0.438596491228,0.0,0.525252525253,0.357142857143,0.0,0.825396825397,0.393700787402,0.0,0.641975308642,-0.0188846153846,-0.0886363636364,-0.00462151394422,0.0609219858156,0.017619047619,0.0199019607843,-0.0092380952381
