,league,season,historical_training_year,features,learning_rate,n_estimators,max_depth,min_child_weight,gamma,subsample,colsample_bytree,objective,scale_pos_weight,reg_alpha,ll,acc,prec_A,prec_D,prec_H,rec_A,rec_D,rec_H,f1_A,f1_D,f1_H,bet_all,bet_lte_19,bet_lte_4,bet_btw_19_4,bet_btw_19_5,bet_btw_15_4,bet_btw_15_5
0,D1,2014,9,all_features,0.01,250,4,1,0.31,0.8,0.5,multi:softprob,1,0.24,1.0068015863,0.52380952381,0.452830188679,0.0,0.542713567839,0.352941176471,0.0,0.878048780488,0.396694214876,0.0,0.670807453416,0.038373015873,-0.0787378640777,-0.0105327868852,0.0467142857143,0.0706896551724,0.0166145833333,0.0350253807107
1,D1,2015,9,all_features,0.01,250,4,1,0.31,0.8,0.5,multi:softprob,1,0.24,1.0131277442,0.485596707819,0.441176470588,0.0,0.508670520231,0.394736842105,0.0,0.807339449541,0.416666666667,0.0,0.624113475177,-0.0859670781893,-0.0267,-0.0667647058824,-0.0957971014493,-0.121267605634,-0.0663101604278,-0.0858638743455
2,D1,2016,9,all_features,0.01,250,4,1,0.31,0.8,0.5,multi:softprob,1,0.24,1.03950888686,0.511538461538,0.45,0.0,0.53807106599,0.385714285714,0.0,0.84126984127,0.415384615385,0.0,0.656346749226,0.0327307692308,-0.0800917431193,0.0304780876494,0.115352112676,0.108775510204,0.0630882352941,0.0597129186603
