,league,season,historical_training_year,features,learning_rate,n_estimators,max_depth,min_child_weight,gamma,subsample,colsample_bytree,objective,scale_pos_weight,reg_alpha,ll,acc,prec_A,prec_D,prec_H,rec_A,rec_D,rec_H,f1_A,f1_D,f1_H,bet_all,bet_lte_19,bet_lte_4,bet_btw_19_4,bet_btw_19_5,bet_btw_15_4,bet_btw_15_5
0,D1,2014,9,all_features,0.01,200,4,1,0.41,0.76,0.4,multi:softprob,1,0.46,1.00880722359,0.527777777778,0.452830188679,0.0,0.547738693467,0.352941176471,0.0,0.886178861789,0.396694214876,0.0,0.67701863354,0.0477777777778,-0.0787378640777,-0.000819672131148,0.0636428571429,0.0870344827586,0.0289583333333,0.0470558375635
1,D1,2015,9,all_features,0.01,200,4,1,0.41,0.76,0.4,multi:softprob,1,0.46,1.02050098102,0.485596707819,0.446153846154,0.0,0.505681818182,0.381578947368,0.0,0.816513761468,0.41134751773,0.0,0.624561403509,-0.0821399176955,-0.0267,-0.0628571428571,-0.0890579710145,-0.114718309859,-0.0613368983957,-0.0809947643979
2,D1,2016,9,all_features,0.01,200,4,1,0.41,0.76,0.4,multi:softprob,1,0.46,1.03617119262,0.511538461538,0.48275862069,0.0,0.527638190955,0.4,0.0,0.833333333333,0.4375,0.0,0.646153846154,0.0286538461538,-0.0884545454545,0.0262549800797,0.115744680851,0.109109589041,0.0578921568627,0.0546411483254
