,league,season,historical_training_year,features,learning_rate,n_estimators,max_depth,min_child_weight,gamma,subsample,colsample_bytree,objective,scale_pos_weight,reg_alpha,ll,acc,prec_A,prec_D,prec_H,rec_A,rec_D,rec_H,f1_A,f1_D,f1_H,bet_all,bet_lte_19,bet_lte_4,bet_btw_19_4,bet_btw_19_5,bet_btw_15_4,bet_btw_15_5
0,D1,2014,9,all_features,0.01,230,4,1,0.25,0.82,0.49,multi:softprob,1,0.35,1.01073926273,0.511904761905,0.433962264151,0.0,0.535353535354,0.338235294118,0.0,0.861788617886,0.380165289256,0.0,0.660436137072,0.00809523809524,-0.0787378640777,-0.0418032786885,-0.00778571428571,0.0180689655172,-0.023125,-0.00370558375635
1,D1,2015,9,all_features,0.01,230,4,1,0.25,0.82,0.49,multi:softprob,1,0.35,1.01549080529,0.481481481481,0.428571428571,0.0,0.508771929825,0.394736842105,0.0,0.798165137615,0.41095890411,0.0,0.621428571429,-0.0932510288066,-0.0267,-0.0742016806723,-0.108623188406,-0.133732394366,-0.0757754010695,-0.0951308900524
2,D1,2016,9,all_features,0.01,230,4,1,0.25,0.82,0.49,multi:softprob,1,0.35,1.03960507936,0.492307692308,0.421052631579,0.0,0.525252525253,0.342857142857,0.0,0.825396825397,0.377952755906,0.0,0.641975308642,-0.0205769230769,-0.0774311926606,-0.02084,0.0229078014184,0.00567567567568,0.00196078431373,-0.00943127962085
