,league,season,historical_training_year,features,learning_rate,n_estimators,max_depth,min_child_weight,gamma,subsample,colsample_bytree,objective,scale_pos_weight,reg_alpha,ll,acc,prec_A,prec_D,prec_H,rec_A,rec_D,rec_H,f1_A,f1_D,f1_H,bet_all,bet_lte_19,bet_lte_4,bet_btw_19_4,bet_btw_19_5,bet_btw_15_4,bet_btw_15_5
0,D1,2014,9,all_features,0.01,260,4,1,0.58,0.73,0.46,multi:softprob,1,0.5,1.00510443913,0.52380952381,0.446428571429,0.0,0.545918367347,0.367647058824,0.0,0.869918699187,0.403225806452,0.0,0.670846394984,0.0315079365079,-0.0704807692308,-0.0216326530612,0.0216428571429,0.05375,0.00238341968912,0.0262436548223
1,D1,2015,9,all_features,0.01,260,4,1,0.58,0.73,0.46,multi:softprob,1,0.5,1.01260523958,0.477366255144,0.446153846154,0.0,0.5,0.381578947368,0.0,0.798165137615,0.41134751773,0.0,0.614840989399,-0.108148148148,-0.0254081632653,-0.0816949152542,-0.121666666667,-0.158263888889,-0.0902688172043,-0.118697916667
2,D1,2016,9,all_features,0.01,260,4,1,0.58,0.73,0.46,multi:softprob,1,0.5,1.03629479672,0.511538461538,0.465517241379,0.0,0.532663316583,0.385714285714,0.0,0.84126984127,0.421875,0.0,0.652307692308,0.0271923076923,-0.0884545454545,0.0206746031746,0.105211267606,0.106506849315,0.0508780487805,0.0528229665072
